lang,type,url,title,description,heading,chars,images,documents,slug,source_file
ar,page,http://moreco.ma/%d8%a3%d8%ba%d8%b1%d8%a7%d8%b6-%d8%b9%d8%a7%d9%85%d8%a9/%d8%ae%d8%b7-%d8%a5%d9%86%d8%aa%d8%a7%d8%ac-huwa-san/%d8%a7%d9%84%d8%aa%d8%b7%d9%87%d9%8a%d8%b1-%d8%a7%d9%84%d9%85%d9%87%d9%86%d9%8a/?lang=ar,Huwa-San هو جيل جديد من التعقيم القابلة للتحلل.,Huwa-San هو حل آمن وعديم الرائحة، وتحترم البيئة من دون الكحول المطهر. التطبيقات؛ الزراعة والصناعة البيطرية والصناعات الغذائية وحتى لتطهير (الشرب) المياه.,التطهير المهني,4805,6,5,أغراض-عامة-خط-إنتاج-huwa-san-التطهير-المهني,أغراض-عامة/خط-إنتاج-huwa-san/التطهير-المهني/index~lang-ar.html
ar,page,http://moreco.ma/%d8%a3%d8%ba%d8%b1%d8%a7%d8%b6-%d8%b9%d8%a7%d9%85%d8%a9/%d8%ae%d8%b7-%d8%a5%d9%86%d8%aa%d8%a7%d8%ac-huwa-san/?lang=ar,Huwa-San هو جيل جديد من التطهير القابلة للتحلل .,المنتجات Huwa-San هي المطهرات البيئية على أساس بيروكسيد الهيدروجين المنشط والمستقر. تفعيل فريد من نوعها والاستقرار أثبتت فعاليتها جدا، على سبيل المثال في السيطرة على البكتيريا والإزالة بيوفيلم.,خط إنتاج Huwa-San,6815,5,0,أغراض-عامة-خط-إنتاج-huwa-san,أغراض-عامة/خط-إنتاج-huwa-san/index~lang-ar.html
ar,page,http://moreco.ma/%d8%a3%d8%ba%d8%b1%d8%a7%d8%b6-%d8%b9%d8%a7%d9%85%d8%a9/?lang=ar,تطهير بيئة من بيروكسيد الهيدروجين للاستخدام العام.,يستخدم التطهير البيئي بواسطة بيروكسيد الهيدروجين للأغراض التالية: البشر والحيوانات والزراعة والصناعات. هل تعلم أن المنتجات المنافسة تستغرق ما يصل الى 10 دقائق لقتل البكتيريا والفيروسات؟ ومن خلال تسخير القوة الفريدة لبيروكسيد الهيدروجين، يتيح Clearox أسرع أوقات تلامس لقتل البكتيريا والفيروسات في غضون 30 ثانية - أسرع بشكل واضح عن غيره من المنتجات المتوفرة في الأسواق في الوقت الحالي. ومن المهم أن يكون المطهر الذي تختاره يتمتع بالقدرة على قتل الجراثيم التي تمثل أكبر مصدر للقلق على الصحة العامة. ويساعدك Clearox في تحسين الحماية من انتشار البكتيريا في بيئة البشر والحيوانات والنباتات والاستخدام الصناعي.,أغراض عامة,4079,4,0,أغراض-عامة,أغراض-عامة/index~lang-ar.html
ar,page,http://moreco.ma/%d8%a7%d9%84%d8%a8%d8%b4%d8%b1/%d8%ae%d8%b7-%d8%a5%d9%86%d8%aa%d8%a7%d8%ac-mavita/?lang=ar,Mavita خط الانتاج مع استوعبت تماما OSA,نحتاج جميعاً إلى السيليكا، بغض النظر عن أعمارنا. ومن المهم تزويد الجسم بالمصادر الغذائية من السيليكا في وقت مبكر من العمر لأن فترة الشيخوخة هي التي تشهد عادة انخفاضاً حاداً في مستويات السيليكا في الأنسجة. كما أن للسيليكا تأثير مطلق محدد على امتصاص جميع المعادن التي يحتاجها الجسم للحفاظ على الصحة. وهي أيضاً تضيف إلى جودة الحياة!,خط إنتاج MAVITA,5509,7,6,البشر-خط-إنتاج-mavita,البشر/خط-إنتاج-mavita/index~lang-ar.html
ar,page,http://moreco.ma/%d8%a7%d9%84%d8%a8%d8%b4%d8%b1/%d8%ae%d8%b7-%d8%a5%d9%86%d8%aa%d8%a7%d8%ac-mavita/mavita-beauty/?lang=ar,اكتشف الصحة العامة الجديدة مع Mavita Beauty,"يعتبر السيليكون عنصراً أساسياً نادراً مطلوب للنمو الطبيعي والتطور وصحة الشعر والبشرة والأظافر. ويعد منتجنا الوحيد الذي يحتوي علي السيليكون الذي يتم امتصاصه بالكامل. Mavita Beauty ""أحدث"" مكمل غذائي مصمم لتعزيز البشرة الصحية والقوية والرطبة التي تبدو أكثر شباباً.",Mavita Beauty,2196,2,0,البشر-خط-إنتاج-mavita-mavita-beauty,البشر/خط-إنتاج-mavita/mavita-beauty/index~lang-ar.html
ar,page,http://moreco.ma/%d8%a7%d9%84%d8%a8%d8%b4%d8%b1/%d8%ae%d8%b7-%d8%a5%d9%86%d8%aa%d8%a7%d8%ac-mavita/mavita-health/?lang=ar,هو التعليق تنشيط بيولوجيا من السيليكا والمعادن 10 مختارة Mavita الصحة,يؤثر Mavita إيجابياً على الجسم بأكمله بسبب تركيبته المتوازنة. وهو يعيد الصحة إلى العظام والأوعية الدموية والعضلات، بالإضافة إلى أجزاء أخرى. علاوة على ذلك، فإنه يقوي الأظافر ويجعل الشعر أكثر سمكاً. وبالإضافة إلى ذلك، يسهم في الحفاظ على مرونة المفاصل وقوة العظام. كما يؤثر Mavita على جودة ومرونة البشرة، لأنه يحفز توليد الكولاجين.,,3982,1,0,البشر-خط-إنتاج-mavita-mavita-health,البشر/خط-إنتاج-mavita/mavita-health/index~lang-ar.html
ar,page,http://moreco.ma/%d8%a7%d9%84%d8%a8%d8%b4%d8%b1/%d8%ae%d8%b7-%d8%a5%d9%86%d8%aa%d8%a7%d8%ac-mavita/mavita-luxe/?lang=ar,اكتشف الفوائد العامة الجديدة من خلال Mavita Luxe,Mavita Luxe هو مزيج فريد من العناصر الغذائية التي تعزز أداء الخلايا في الجسم، على الرغم من مرور الوقت. يوفر تضافر الجهود بين أفضل أنواع الماكا والببتيدات الحيوية النشطة من الكولاجين الطبيعي خصائص وكفاءة ملحوظة.,Mavita Luxe,4593,4,0,البشر-خط-إنتاج-mavita-mavita-luxe,البشر/خط-إنتاج-mavita/mavita-luxe/index~lang-ar.html
ar,page,http://moreco.ma/%d8%a7%d9%84%d8%a8%d8%b4%d8%b1/%d8%ae%d8%b7-%d8%a5%d9%86%d8%aa%d8%a7%d8%ac-mavita/mavita-slim-maca/?lang=ar,MAVITA Slim+هو البديل المثالي لوجبتك الغذائية,النظام الغذائي البروتيني MAVITA Slim+ لدينا هو الطريقة الأفضل والأكثر علمية لانقاص الوزن بسرعة ودون خطر على الصحه. إذا تم اتباع هذا النظام الغذائي بشكل صحيح، نضمن لك خسارة الوزن السريع والدائم. بالإضافة إلى ذلك، يحتوي المنتج لدينا على أفضل البروتينات المرتبطة بالسيليكون الحيوي بنسبة 100%. وبالتالي، لن يتكلف نظامك الغذائي المزيد من التكلفة على ميزانتيك عن الغذاء اليومي المعتاد.,(Maca مع) Mavita Slim +,7221,3,0,البشر-خط-إنتاج-mavita-mavita-slim-maca,البشر/خط-إنتاج-mavita/mavita-slim-maca/index~lang-ar.html
ar,page,http://moreco.ma/%d8%a7%d9%84%d8%a8%d8%b4%d8%b1/%d8%ae%d8%b7-%d8%a5%d9%86%d8%aa%d8%a7%d8%ac-mavita/mavita-sport/?lang=ar,Mavita Sport: معلق نشط من السيليكا المتاحة بيولوجياً و8 معادن مختارة.,Mavita Sport: هذا البديل، والذي يحتوي على السيليكون المكون الرئيسي، يضمن سرعة الشفاء من الإصابات، عندما يؤخذ يوميا. كما يمنع تحمض العضلات ويستغرق رعاية التحمل أفضل.,Mavita Sport,934,2,0,البشر-خط-إنتاج-mavita-mavita-sport,البشر/خط-إنتاج-mavita/mavita-sport/index~lang-ar.html
ar,page,http://moreco.ma/%d8%a7%d9%84%d8%a8%d8%b4%d8%b1/%d8%ae%d8%b7-%d8%a5%d9%86%d8%aa%d8%a7%d8%ac-mavita/mavita-stress-plex/?lang=ar,Mavita Stress-plex اشعر بالفرق في حياتك مع,إذا كنت غالبا ممن يشعرون بالتوتر أو القلق، فقد يكون ذلك علامة على مشاكل أكثر خطورة . على Mavita's Stress-plex هو مكمل غذائي طبيعي. يحتوي على المغذيات الطبيعية اللازمة ويعزز من صحة المخ ووظائف الجهاز العصبي. يساعد على منع إفراز هرمونات الإجهاد التي تسبب الإحساس بالقلق.,Mavita Stress-Plex,4232,2,0,البشر-خط-إنتاج-mavita-mavita-stress-plex,البشر/خط-إنتاج-mavita/mavita-stress-plex/index~lang-ar.html
ar,page,http://moreco.ma/%d8%a7%d9%84%d8%a8%d8%b4%d8%b1/?lang=ar,يقدم MORECO السيليكون النشطة بيولوجيا التي يمكن استيعابها من قبل البشر,من الصعب للغاية امتصاص السيلكون المعدني من الطعام لأن مركبات السيلكون تتكون من سلاسل طويلة. ومع ذلك، يمكن امتصاص شكل خاص من السيلكون عن طريق أجسادنا باعتباره حمض أرثو السيلسك. لكن بسبب الزراعة الكثيفة، اختفى حمض أرثو السيلسك بشكل فعلي من كل أنواع التربة والمياه الجوفية. يوجد أمل! خلال السنوات الـ10 الماضية، تم انجاز الكثير من العمل لتطوير طريقة جديدة تساعد في الحفاظ على حمض أرثو السيلسك بما يتيح لنا استهلاكه. ونحن نطلق على ذلك ما يسمى بحمض أرثو السيلسك المستقر وهو من المواد النشطة بيولوجياً ويمكن امتصاصه مباشرة بواسطة الجسد بشكل فعلي.,البشر,1590,2,0,البشر,البشر/index~lang-ar.html
ar,page,http://moreco.ma/%d8%a7%d9%84%d8%ad%d9%8a%d9%88%d8%a7%d9%86%d8%a7%d8%aa/?lang=ar,تعزيز الصحة ونوعية حياة الحيوانات عن طريق نموذج قابل للامتصاص من السليكون.,"Orthahealth enhances health and quality of life of animals by a patented biologically active absorble form of Silicon. Silicon increases defenses in animals by activating the immune system and improves wound healing. Clearox is applicable for ecological disinfection. Did you know that competitive products take up to 10 minutes to kill bacteria and viruses? By harnessing the unique power of hydrogen peroxide, Clearox delivers the fastest contact times to kill bacteria and viruses within 30 seconds – significantly faster than other products on the market today.",الحيوانات,3841,6,0,الحيوانات,الحيوانات/index~lang-ar.html
ar,page,http://moreco.ma/%d8%a7%d9%84%d8%b2%d8%b1%d8%a7%d8%b9%d8%a9%d8%a7%d9%84%d8%a8%d8%b3%d8%aa%d9%86%d8%a9/%d8%ae%d8%b7-%d9%85%d9%86%d8%aa%d8%ac%d8%a7%d8%aa-orthagrow/%d8%a5%d8%b1%d8%b4%d8%a7%d8%af%d8%a7%d8%aa-%d8%a7%d9%84%d8%a7%d8%b3%d8%aa%d8%b9%d9%85%d8%a7%d9%84-%d9%81%d9%8a-%d8%a7%d9%84%d8%ad%d9%82%d9%84/?lang=ar,مبادئ توجيهية لاستخدام Orthagrow Control في الميدان ومراحل الرش,كيف ينبغي استخدام Orthagrow Control؟  هذا سهل جداً! فقط خطوتان بسيطتان: 1. امزج مع الماء و2. رش على الأوراق تستطيع أن ترى في مراحل مختلفة من الرش في المحاصيل.,إرشادات الاستعمال في الحقل,1730,10,0,الزراعةالبستنة-خط-منتجات-orthagrow-إرشادات-الاستعمال-في-الحقل,الزراعةالبستنة/خط-منتجات-orthagrow/إرشادات-الاستعمال-في-الحقل/index~lang-ar.html
ar,page,http://moreco.ma/%d8%a7%d9%84%d8%b2%d8%b1%d8%a7%d8%b9%d8%a9%d8%a7%d9%84%d8%a8%d8%b3%d8%aa%d9%86%d8%a9/%d8%ae%d8%b7-%d9%85%d9%86%d8%aa%d8%ac%d8%a7%d8%aa-orthagrow/?lang=ar,Orthagrow يقلل من الضغوط غير الحيوية ويحسن إنبات,بفضل جودة مكوناتها النشطة بيولوجياً، تُقلل Orthagrow من التوتر اللاحيوي وتعمل أيضاً كمحفز لتحسين الإنبات في ظل ظروف الإجهاد المائي والملحي. فالمحاصيل التي تنمو مع استخدام تطعيمات Orthagrow تنتج نسبة أعلي من الكلوروفيل داخل أنظمتها. مما يعني وجود تخليق حيوي عالي والذي يؤدي إلي زيادة في معدل نمو أوراق الشجر والأزهار والفواكه. ويُلاحظ أيضاً زيادة في العمر الافتراضي في الفواكه والخضروات بفضل قلة فقدان المياه مما يُعد من المميزات الإضافية.,خط منتجات Orthagrow,10047,9,4,الزراعةالبستنة-خط-منتجات-orthagrow,الزراعةالبستنة/خط-منتجات-orthagrow/index~lang-ar%20%E2%80%8E.html
ar,page,http://moreco.ma/%d8%a7%d9%84%d8%b2%d8%b1%d8%a7%d8%b9%d8%a9%d8%a7%d9%84%d8%a8%d8%b3%d8%aa%d9%86%d8%a9/?lang=ar,Moreco المنتجات الزراعية تحتوي على شكل امتصاص براءة اختراع من OSA.,فهي فعالة بشكل خاص بنفس القدر من الأهمية بالنسبة لهيكل وفسيولوجية النبات فضلاً عن الحماية من الأمراض والحشرات. ولسوف تضرب نباتاتك جذورها بشكل أسرع، وستصبح جذوعها وأوراقها أقوي مما يؤدي إلي تحسن ملحوظ في عملية التمثيل الضوئي. والأكثر من ذلك، فإن منتجات Moreco الخاصة بالنباتات تحقق تأثيراً إيجابياً علي صعيد امتصاص الفسفور مما يؤدي بالتالي إلي نمو أزهارفواكه كبيرة الحجم. سوف تُدهشك تلك النتائج!,الزراعة\البستنة,3599,4,0,الزراعةالبستنة,الزراعةالبستنة/index~lang-ar.html
ar,page,http://moreco.ma/%d8%a7%d9%84%d9%85%d9%86%d8%aa%d8%ac%d8%a7%d8%aa/?lang=ar,Moreco توزيع المنتجات مع شكل قابل للامتصاص من السيليكون (OSA).,تقوم شركة Moreco بإنتاج وتوزيع منتجات مُسجلة تحتوي علي تركيبة السيليكون النشط بيولوجياً للاستخدام الآدمي والحيواني ومنتجات البستنة والزراعة. ونقوم أيضاً بتوفير تطهير بيئي باستخدام فوق أوكسيد الهيدروجين لتنقية المياه ومكافحة الأمراض البيولوجية للأغراض الزراعية والصناعية.,المنتجات,986,4,0,المنتجات,المنتجات/index~lang-ar.html
ar,page,http://moreco.ma/%d8%a8%d8%ad%d8%ab-%d8%b9%d9%86-%d8%a7%d9%84%d9%85%d9%86%d8%aa%d8%ac%d8%a7%d8%aa/?lang=ar,نتائج أبحاثنا لجميع المنتجات في Moreco,يُمكنكم هنا أن تطّلعوا على جميع منتجات شركة Moreco، ويُمكنكم أيضا أن تُصنفوهم حسب الفئات. أغلب التحميلات على موقع شركة Moreco موجودة على شكل تحميلات PDF لفتح هذه التحميلات، يُرجى إستعمال برنامج Adobe Acrobat Reader، المتوفّر في أغلب الحواسيب.,بحث عن المنتجات,1076,12,0,بحث-عن-المنتجات,بحث-عن-المنتجات/index~lang-ar.html
ar,page,http://moreco.ma/%d8%a8%d8%ad%d8%ab-%d8%b9%d9%86-%d8%a7%d9%84%d9%85%d9%86%d8%aa%d8%ac%d8%a7%d8%aa/?lang=ar,نتائج أبحاثنا لجميع المنتجات في Moreco,يُمكنكم هنا أن تطّلعوا على جميع منتجات شركة Moreco، ويُمكنكم أيضا أن تُصنفوهم حسب الفئات. أغلب التحميلات على موقع شركة Moreco موجودة على شكل تحميلات PDF لفتح هذه التحميلات، يُرجى إستعمال برنامج Adobe Acrobat Reader، المتوفّر في أغلب الحواسيب.,بحث عن المنتجات,905,8,0,بحث-عن-المنتجات,بحث-عن-المنتجات/page/2/index~lang-ar.html
ar,page,http://moreco.ma/%d8%a8%d8%ad%d8%ab-%d8%b9%d9%86-%d8%a7%d9%84%d9%85%d9%86%d8%aa%d8%ac%d8%a7%d8%aa/?lang=ar,نتائج أبحاثنا لجميع المنتجات في Moreco,يُمكنكم هنا أن تطّلعوا على جميع منتجات شركة Moreco، ويُمكنكم أيضا أن تُصنفوهم حسب الفئات. أغلب التحميلات على موقع شركة Moreco موجودة على شكل تحميلات PDF لفتح هذه التحميلات، يُرجى إستعمال برنامج Adobe Acrobat Reader، المتوفّر في أغلب الحواسيب.,بحث عن المنتجات,511,0,0,بحث-عن-المنتجات,بحث-عن-المنتجات/page/3/index~lang-ar.html
ar,page,http://moreco.ma/%d9%88%d8%ab%d8%a7%d8%a6%d9%82-%d8%a7%d9%84%d8%a5%d8%b9%d9%84%d8%a7%d9%85-%d9%88%d8%a7%d9%84%d9%85%d9%86%d8%a7%d8%b3%d8%a8%d8%a7%d8%aa-%d8%a7%d9%84%d9%82%d8%a7%d8%af%d9%85%d8%a9/?lang=ar,وثائق الإعلام والمناسبات القادمة,"Moreco produces and distributes products with a patented biologically active absorble form of Silicon for humans, animals and horti/agriculture products. We also provide ecological desinfection by hydrogen peroxide for water purification and biological disease control for agriculture and industries.",وثائق الإعلام والمناسبات القادمة,1393,2,3,وثائق-الإعلام-والمناسبات-القادمة,وثائق-الإعلام-والمناسبات-القادمة/index~lang-ar.html
ar,home,http://moreco.ma/?lang=ar,Moreco، سيليكون للبشر والنباتات والحيوانات والاستخدامات العامة,تقوم Moreco بإنتاج وتوزيع المنتجات الحاصلة علي براءة اختراع وهي عبارة عن أشكال سيليكون نشطة قابلة للامتصاص يمكن استخدامها مع البشر والحيوانات ولأغراض الزراعة والبستنة. ونقدم أيضاً خدمات التطهير البيئي باستخدام فوق أوكسيد الهيدروجين لتنقية المياه ومكافحة ا,مرحباً بكم في MORECO « معجزة علمية »,5094,31,0,page,index~lang-ar%2F.html
ar,page,http://moreco.ma/career-opportunities-moreco/?lang=ar,الفرص الوظيفية في Moreco,تبحث شركة Moreco عن زملاء جُدد ملتزمين. إننا نحظى بثقافة واقعية، وتواصل مُنفتح فضلاً عن شبكة شاملة ذات قاعدة عريضة من العلاقات. ونحن كشركة جديدة متخصصة في البحث وإدارة وتنمية منتجات فريدة ومسجلة تختص بالصحة والعناية والحيوان والزراعة والأغراض العامة.,فرص عمل لدي شركة Moreco,1045,0,0,career-opportunities-moreco,career-opportunities-moreco/index~lang-ar.html
ar,page,http://moreco.ma/contact/?lang=ar,عنوان الشركة Moreco,تقوم Moreco بإنتاج وتوزيع المنتجات الحاصلة علي براءة اختراع وهي عبارة عن أشكال سيليكون نشطة قابلة للامتصاص يمكن استخدامها مع البشر والحيوانات ولأغراض الزراعة والبستنة. ونقدم أيضاً خدمات التطهير البيئي باستخدام فوق أوكسيد الهيدروجين لتنقية المياه ومكافحة ا,Contact,2561,0,0,contact,contact/index~lang-ar.html
ar,page,http://moreco.ma/registration-for-launch-moreco/?lang=ar,التسجيل لحضور حفل إطلاق MORECO SIAM MEKNES Morocco,هل ترغب في حضور الحفل الكبير الخاص بإطلاق Moreco في 21.04.2014 قم بالتسجيل الآن حتى تتمكن من الحضور الدعوة الكريمة موجهة لكم ولضيوفكم!,التسجيل لحضور حفل إطلاق MORECO,2148,2,0,registration-for-launch-moreco,registration-for-launch-moreco/index~lang-ar.html
ar,page,http://moreco.ma/research/15-resultats-sur-les-grapes/?lang=ar,15-Résultats sur les grapes - Moreco,"Moreco produces and distributes products with a patented biologically active absorble form of Silicon for humans, animals and horti/agriculture products. We also provide ecological desinfection by hydrogen peroxide for water purification and biological disease control for agriculture and industries.",,285,1,0,research-15-resultats-sur-les-grapes,research/15-resultats-sur-les-grapes/index~lang-ar.html
ar,page,http://moreco.ma/research/16-resultats-sur-les-prunes/?lang=ar,16-Résultats sur les prunes - Moreco,"Moreco produces and distributes products with a patented biologically active absorble form of Silicon for humans, animals and horti/agriculture products. We also provide ecological desinfection by hydrogen peroxide for water purification and biological disease control for agriculture and industries.",,134,1,0,research-16-resultats-sur-les-prunes,research/16-resultats-sur-les-prunes/index~lang-ar.html
ar,page,http://moreco.ma/research/17-resultats-sur-les-framboises/?lang=ar,17- Résultats sur les Framboises - Moreco,"Moreco produces and distributes products with a patented biologically active absorble form of Silicon for humans, animals and horti/agriculture products. We also provide ecological desinfection by hydrogen peroxide for water purification and biological disease control for agriculture and industries.",,174,1,0,research-17-resultats-sur-les-framboises,research/17-resultats-sur-les-framboises/index~lang-ar.html
ar,page,http://moreco.ma/research/18-resultats-sur-les-oignons/?lang=ar,18- Résultats sur les oignons - Moreco,"Moreco produces and distributes products with a patented biologically active absorble form of Silicon for humans, animals and horti/agriculture products. We also provide ecological desinfection by hydrogen peroxide for water purification and biological disease control for agriculture and industries.",18- Résultats sur les oignons,122,1,0,research-18-resultats-sur-les-oignons,research/18-resultats-sur-les-oignons/index~lang-ar.html
ar,page,http://moreco.ma/research/19-resultats-sur-le-gazon/?lang=ar,19- Résultats sur le Gazon - Moreco,"Moreco produces and distributes products with a patented biologically active absorble form of Silicon for humans, animals and horti/agriculture products. We also provide ecological desinfection by hydrogen peroxide for water purification and biological disease control for agriculture and industries.",,137,1,0,research-19-resultats-sur-le-gazon,research/19-resultats-sur-le-gazon/index~lang-ar.html
ar,page,http://moreco.ma/research/effets-des-produits-orthagrow-sur-les-poivrons/?lang=ar,10- Résultats sur les poivrons - Moreco,"Moreco produces and distributes products with a patented biologically active absorble form of Silicon for humans, animals and horti/agriculture products. We also provide ecological desinfection by hydrogen peroxide for water purification and biological disease control for agriculture and industries.",,141,3,0,research-effets-des-produits-orthagrow-sur-les-poivrons,research/effets-des-produits-orthagrow-sur-les-poivrons/index~lang-ar.html
ar,page,http://moreco.ma/research/resultats-de-la-production-de-ble-a-lapplication-de-orthagrow-granule/?lang=ar,09-Résultats sue le blé - Moreco,"Moreco produces and distributes products with a patented biologically active absorble form of Silicon for humans, animals and horti/agriculture products. We also provide ecological desinfection by hydrogen peroxide for water purification and biological disease control for agriculture and industries.",,150,3,0,research-resultats-de-la-production-de-ble-a-lapplication-de-orthagrow-granule,research/resultats-de-la-production-de-ble-a-lapplication-de-orthagrow-granule/index~lang-ar.html
ar,page,http://moreco.ma/research/resultats-de-la-production-de-guinoa-a-lapplication-de-orthagrow-control/?lang=ar,14-Résultats sur le QUINOA - Moreco,"Moreco produces and distributes products with a patented biologically active absorble form of Silicon for humans, animals and horti/agriculture products. We also provide ecological desinfection by hydrogen peroxide for water purification and biological disease control for agriculture and industries.",,142,2,0,research-resultats-de-la-production-de-guinoa-a-lapplication-de-orthagrow-contro,research/resultats-de-la-production-de-guinoa-a-lapplication-de-orthagrow-control/index~lang-ar.html
ar,page,http://moreco.ma/research/resultats-de-la-production-de-mais-densilage-a-lapplication-de-orthagrow-poudre/?lang=ar,12-Résultats maïs d'ensilage - Moreco,"Moreco produces and distributes products with a patented biologically active absorble form of Silicon for humans, animals and horti/agriculture products. We also provide ecological desinfection by hydrogen peroxide for water purification and biological disease control for agriculture and industries.",,180,2,0,research-resultats-de-la-production-de-mais-densilage-a-lapplication-de-orthagro,research/resultats-de-la-production-de-mais-densilage-a-lapplication-de-orthagrow-poudre/index~lang-ar.html
ar,page,http://moreco.ma/research/resultats-de-la-production-sur-les-arbres-pecher-a-lapplication-de-orthagrow-bloom-booster/?lang=ar,05-Résultats sur les pêcher - Moreco,"Moreco produces and distributes products with a patented biologically active absorble form of Silicon for humans, animals and horti/agriculture products. We also provide ecological desinfection by hydrogen peroxide for water purification and biological disease control for agriculture and industries.",,155,2,0,research-resultats-de-la-production-sur-les-arbres-pecher-a-lapplication-de-orth,research/resultats-de-la-production-sur-les-arbres-pecher-a-lapplication-de-orthagrow-bloom-booster/index~lang-ar.html
ar,page,http://moreco.ma/research/resultats-sur-les-agrumes-marisol-apres-lapplication-de-orthagrow-control/?lang=ar,04-Résultats sur les Agrumes - Moreco,"Moreco produces and distributes products with a patented biologically active absorble form of Silicon for humans, animals and horti/agriculture products. We also provide ecological desinfection by hydrogen peroxide for water purification and biological disease control for agriculture and industries.",,129,4,0,research-resultats-sur-les-agrumes-marisol-apres-lapplication-de-orthagrow-contr,research/resultats-sur-les-agrumes-marisol-apres-lapplication-de-orthagrow-control/index~lang-ar.html
ar,page,http://moreco.ma/research/resultats-sur-les-cactus-apres-lapplication-de-orthagrow-control/?lang=ar,13-Résultats sur les cactus - Moreco,"Moreco produces and distributes products with a patented biologically active absorble form of Silicon for humans, animals and horti/agriculture products. We also provide ecological desinfection by hydrogen peroxide for water purification and biological disease control for agriculture and industries.",,188,1,0,research-resultats-sur-les-cactus-apres-lapplication-de-orthagrow-control,research/resultats-sur-les-cactus-apres-lapplication-de-orthagrow-control/index~lang-ar.html
ar,page,http://moreco.ma/research/resultats-sur-les-carottes-apres-lapplication-de-orthagrow-control-2/?lang=ar,08-Résultats sur les carottes - Moreco,"Moreco produces and distributes products with a patented biologically active absorble form of Silicon for humans, animals and horti/agriculture products. We also provide ecological desinfection by hydrogen peroxide for water purification and biological disease control for agriculture and industries.",,194,2,0,research-resultats-sur-les-carottes-apres-lapplication-de-orthagrow-control-2,research/resultats-sur-les-carottes-apres-lapplication-de-orthagrow-control-2/index~lang-ar.html
ar,page,http://moreco.ma/research/resultats-sur-les-carottes-apres-lapplication-de-orthagrow-control/?lang=ar,08-Résultats sur les carottes - Moreco,"Moreco produces and distributes products with a patented biologically active absorble form of Silicon for humans, animals and horti/agriculture products. We also provide ecological desinfection by hydrogen peroxide for water purification and biological disease control for agriculture and industries.",,175,1,0,research-resultats-sur-les-carottes-apres-lapplication-de-orthagrow-control,research/resultats-sur-les-carottes-apres-lapplication-de-orthagrow-control/index~lang-ar.html
ar,page,http://moreco.ma/research/resultats-sur-les-fraises-apres-lapplication-de-la-gamme-orthagrow/?lang=ar,02-Résultats sur les fraises - Moreco,"Moreco produces and distributes products with a patented biologically active absorble form of Silicon for humans, animals and horti/agriculture products. We also provide ecological desinfection by hydrogen peroxide for water purification and biological disease control for agriculture and industries.",,227,3,0,research-resultats-sur-les-fraises-apres-lapplication-de-la-gamme-orthagrow,research/resultats-sur-les-fraises-apres-lapplication-de-la-gamme-orthagrow/index~lang-ar.html
ar,page,http://moreco.ma/research/resultats-sur-les-melons-jaune-apres-lapplication-de-la-gamme-orthagrow/?lang=ar,07-Résultats sur les melons - Moreco,"Moreco produces and distributes products with a patented biologically active absorble form of Silicon for humans, animals and horti/agriculture products. We also provide ecological desinfection by hydrogen peroxide for water purification and biological disease control for agriculture and industries.",,211,3,0,research-resultats-sur-les-melons-jaune-apres-lapplication-de-la-gamme-orthagrow,research/resultats-sur-les-melons-jaune-apres-lapplication-de-la-gamme-orthagrow/index~lang-ar.html
ar,page,http://moreco.ma/research/resultats-sur-les-olives-apres-lapplication-de-orthagrow-control/?lang=ar,11- Résultats sur les Olives - Moreco,"Moreco produces and distributes products with a patented biologically active absorble form of Silicon for humans, animals and horti/agriculture products. We also provide ecological desinfection by hydrogen peroxide for water purification and biological disease control for agriculture and industries.",,122,1,0,research-resultats-sur-les-olives-apres-lapplication-de-orthagrow-control,research/resultats-sur-les-olives-apres-lapplication-de-orthagrow-control/index~lang-ar.html
ar,page,http://moreco.ma/research/resultats-sur-les-pommes-de-terre-apres-lapplication-du-produit-orthagrow-control/?lang=ar,06-Résultats pommes de terre - Moreco,"Moreco produces and distributes products with a patented biologically active absorble form of Silicon for humans, animals and horti/agriculture products. We also provide ecological desinfection by hydrogen peroxide for water purification and biological disease control for agriculture and industries.",,157,2,0,research-resultats-sur-les-pommes-de-terre-apres-lapplication-du-produit-orthagr,research/resultats-sur-les-pommes-de-terre-apres-lapplication-du-produit-orthagrow-control/index~lang-ar.html
ar,page,http://moreco.ma/research/resultats-sur-les-pommiers-apres-lapplication-des-produits-la-gamme-orthagrow/?lang=ar,01-Résultats sur les pommiers - Moreco,"Moreco produces and distributes products with a patented biologically active absorble form of Silicon for humans, animals and horti/agriculture products. We also provide ecological desinfection by hydrogen peroxide for water purification and biological disease control for agriculture and industries.",,210,3,0,research-resultats-sur-les-pommiers-apres-lapplication-des-produits-la-gamme-ort,research/resultats-sur-les-pommiers-apres-lapplication-des-produits-la-gamme-orthagrow/index~lang-ar.html
ar,page,http://moreco.ma/research/resultats-sur-les-tomates-apres-lapplication-de-orthagrow-control/?lang=ar,03- Résultats sur les tomates - Moreco,"Moreco produces and distributes products with a patented biologically active absorble form of Silicon for humans, animals and horti/agriculture products. We also provide ecological desinfection by hydrogen peroxide for water purification and biological disease control for agriculture and industries.",,160,3,0,research-resultats-sur-les-tomates-apres-lapplication-de-orthagrow-control,research/resultats-sur-les-tomates-apres-lapplication-de-orthagrow-control/index~lang-ar.html
ar,page,https://moreco.ma/%d8%a3%d8%ab%d8%b1-%d8%a7%d9%84%d8%b2%d8%b1%d8%a7%d8%b9%d8%a9-%d8%b9%d9%84%d9%89-%d8%a7%d9%84%d8%af%d9%88%d8%b1%d8%a9-%d8%a7%d9%84%d8%a8%d9%8a%d9%88%d9%84%d9%88%d8%ac%d9%8a%d8%a9-%d9%88%d8%a7%d9%84/?lang=ar,أثر الزراعة على الدورة البيولوجية والجيولوجية والكيميائية للسيليكيات Si,نقدم هنا دليلا جديدا على أن تصدير القش يمكن أن يؤدي إلى استنزاف تركيزات فيتوليتس phytoliths الموجودة في التربة خلال عشر سنواتٍ. من أجل الحفاظ على المستويات الحالية للسيليكيات Si الموجودة في المحاصيل، يُمكن إدراج مساهمة سيليكات أخرى من التربة مثل المعادن الطينية إلى تجمع الفيطو و السيليكا المتوفّر حتّى تصبح متاحةً عندما يتم تصدير القش,أثر الزراعة على الدورة البيولوجية والجيولوجية والكيميائية للسيليكيات Si,2600,2,2,أثر-الزراعة-على-الدورة-البيولوجية-وال,أثر-الزراعة-على-الدورة-البيولوجية-وال/index~lang-ar.html
ar,page,https://moreco.ma/%d8%a3%d8%ba%d8%b1%d8%a7%d8%b6-%d8%b9%d8%a7%d9%85%d8%a9/%d8%ae%d8%b7-%d8%a5%d9%86%d8%aa%d8%a7%d8%ac-bioxeco/?lang=ar,BioXeco، الجيل الجديد من مطهر القابلة للتحلل,المنتجات BioXeco هي المنتجات الخاصة بالتطهير البيئي تستندعلى مُثبت ومُنشط لمادة بيروكسيد الهيدروجين .,خط إنتاج BioXeco,3469,9,0,أغراض-عامة-خط-إنتاج-bioxeco,أغراض-عامة/خط-إنتاج-bioxeco/index~lang-ar.html
ar,page,https://moreco.ma/%d8%a3%d8%ba%d8%b1%d8%a7%d8%b6-%d8%b9%d8%a7%d9%85%d8%a9/%d8%ae%d8%b7-%d8%a5%d9%86%d8%aa%d8%a7%d8%ac-huwa-san/%d8%a7%d9%84%d8%aa%d8%b7%d9%87%d9%8a%d8%b1-%d8%a7%d9%84%d9%85%d9%87%d9%86%d9%8a/%d8%a7%d9%84%d8%b2%d8%b1%d8%a7%d8%b9%d8%a9/?lang=ar,Huwa-San AGRO تحسن نمو الجذور، واستهلاك الأوكسجين والصحة العامة للمصنع,Huwa-San AGRO تزيد الإنتاجية عن طريق تحسين نوعية المياه والنظافة. تحقيق الحد الأقصى من نوعية المياه ومدى فعالية التسميد. زيادة الإنتاجية وتخفيض عبء المبيدات وضمان بيئة نظيفة للحد من التوتر للبيئة الخاصة بك وتقليل الخسائر في المحاصيل.,الزراعة,1109,0,0,أغراض-عامة-خط-إنتاج-huwa-san-التطهير-المهني-الزراعة,أغراض-عامة/خط-إنتاج-huwa-san/التطهير-المهني/الزراعة/index~lang-ar.html
ar,page,https://moreco.ma/%d8%a3%d8%ba%d8%b1%d8%a7%d8%b6-%d8%b9%d8%a7%d9%85%d8%a9/%d8%ae%d8%b7-%d8%a5%d9%86%d8%aa%d8%a7%d8%ac-huwa-san/%d8%a7%d9%84%d8%aa%d8%b7%d9%87%d9%8a%d8%b1-%d8%a7%d9%84%d9%85%d9%87%d9%86%d9%8a/%d8%a7%d9%84%d9%85%d8%a3%d9%83%d9%88%d9%84%d8%a7%d8%aa-%d9%88-%d8%a7%d9%84%d9%85%d8%b4%d8%b1%d9%88%d8%a8%d8%a7%d8%aa/?lang=ar,يعتبر مثاليا للتطهير Huwa-San Food & Beverage,المنتجات Huwa-San F&B هي مثالية لتطهير الأسطح والمعدات والآلات لجميع أنواع الشركات تجهيز الأغذية.,المأكولات و المشروبات,860,0,0,أغراض-عامة-خط-إنتاج-huwa-san-التطهير-المهني-المأكولات-و-المشروبات,أغراض-عامة/خط-إنتاج-huwa-san/التطهير-المهني/المأكولات-و-المشروبات/index~lang-ar.html
ar,page,https://moreco.ma/%d8%a3%d8%ba%d8%b1%d8%a7%d8%b6-%d8%b9%d8%a7%d9%85%d8%a9/%d8%ae%d8%b7-%d8%a5%d9%86%d8%aa%d8%a7%d8%ac-huwa-san/%d8%a7%d9%84%d8%aa%d8%b7%d9%87%d9%8a%d8%b1-%d8%a7%d9%84%d9%85%d9%87%d9%86%d9%8a/%d8%a8%d9%8a%d8%b7%d8%b1%d9%8a/?lang=ar,Huwa-San VET أنه يحسن صحة الحيوانات والحد من استخدام المضادات الحيوية لتحسين نوعية المياه.,Huwa-San VET يحسن من الظروف للحيوانات الحية، مما أسفر عن صحة والحيوانات الكبيرة ومعدلات وفيات أقل.,بيطري,940,0,0,أغراض-عامة-خط-إنتاج-huwa-san-التطهير-المهني-بيطري,أغراض-عامة/خط-إنتاج-huwa-san/التطهير-المهني/بيطري/index~lang-ar.html
ar,page,https://moreco.ma/%d8%a3%d8%ba%d8%b1%d8%a7%d8%b6-%d8%b9%d8%a7%d9%85%d8%a9/%d8%ae%d8%b7-%d8%a5%d9%86%d8%aa%d8%a7%d8%ac-huwa-san/%d8%a7%d9%84%d8%aa%d8%b7%d9%87%d9%8a%d8%b1-%d8%a7%d9%84%d9%85%d9%87%d9%86%d9%8a/%d9%85%d8%b9%d8%a7%d9%84%d8%ac%d8%a9-%d8%a7%d9%84%d9%85%d9%8a%d8%a7%d9%87/?lang=ar,Huwa-San 50 WT مناسبة لقتل البكتيريا والفطريات والفيروسات والجراثيم والطحالب والأميبا.,المنتجات Huwa-San Water يمكن استخدامها لتطهير الخاص لشبكة المياه بالكامل لإزالة بيوفيلم ومنع البكتيريا. Huwa-San Water هو بديل القابل للتحلل على المنتجات القائمة على أساس الهالوجينات، والكلور والبروم واليود، والألدهيدات، مركبات الأمونيوم الرباعية.,معالجة المياه,420,0,0,أغراض-عامة-خط-إنتاج-huwa-san-التطهير-المهني-معالجة-المياه,أغراض-عامة/خط-إنتاج-huwa-san/التطهير-المهني/معالجة-المياه/index~lang-ar.html
ar,page,https://moreco.ma/%d8%a3%d8%ba%d8%b1%d8%a7%d8%b6-%d8%b9%d8%a7%d9%85%d8%a9/%d8%ae%d8%b7-%d8%a5%d9%86%d8%aa%d8%a7%d8%ac-huwa-san/%d8%a7%d9%84%d8%aa%d8%b7%d9%87%d9%8a%d8%b1-%d8%a7%d9%84%d9%85%d9%87%d9%86%d9%8a/hard-surface/?lang=ar,Huwa-San Hard Surface للمطابخ صناعية,Huwa-San 50 HS مطهر للأسطح والأرضيات والمواد على سبيل المثال مستحضرات التجميل والأدوية والمطابخ الصناعية، ...,Hard Surface,284,0,0,أغراض-عامة-خط-إنتاج-huwa-san-التطهير-المهني-hard-surface,أغراض-عامة/خط-إنتاج-huwa-san/التطهير-المهني/hard-surface/index~lang-ar.html
ar,page,https://moreco.ma/%d8%a3%d8%ba%d8%b1%d8%a7%d8%b6-%d8%b9%d8%a7%d9%85%d8%a9/%d8%ae%d8%b7-%d8%a5%d9%86%d8%aa%d8%a7%d8%ac-huwa-san/hygiene-home/?lang=ar,منتجات Huwa-San Hygiene @ Home هي الحل الأمثل لتعقيم كل منازل.,Huwa-San المطهرات هي آمنة، و 100٪ صديقة للبيئة وعديم الرائحة. Huwa-San المطهرات يمكن أن تستخدم لتطهير الأسطح والأواني واليدين، ويمكن حتى أن تستخدم لتطهير المواد الغذائية.,Hygiene @ Home,4139,6,0,أغراض-عامة-خط-إنتاج-huwa-san-hygiene-home,أغراض-عامة/خط-إنتاج-huwa-san/hygiene-home/index~lang-ar.html
ar,page,https://moreco.ma/%d8%a3%d8%ba%d8%b1%d8%a7%d8%b6-%d8%b9%d8%a7%d9%85%d8%a9/%d8%ae%d8%b7-%d8%a5%d9%86%d8%aa%d8%a7%d8%ac-huwa-san/pool/?lang=ar,Huwa San Pool هو مطهر المياه فعالة جدا للبيئة.,Huwa San Pool بدون الكلور معقم حمامات السباحة العامة وكذلك بالنسبة للحمامات السباحة الخاصة. مع الحماية الكاملة ضد البكتيريا والفيروسات والطحالب,Pool,6377,6,0,أغراض-عامة-خط-إنتاج-huwa-san-pool,أغراض-عامة/خط-إنتاج-huwa-san/pool/index~lang-ar.html
ar,page,https://moreco.ma/%d8%a3%d8%ba%d8%b1%d8%a7%d8%b6-%d8%b9%d8%a7%d9%85%d8%a9/clearox-ar/?lang=ar,يمكن استعمال Clearox® كمنشط لبروكسيد الهيدروجين للأغراض العامة المختلفة.,يمكن استعمال Clearox® كمنشط لبروكسيد الهيدروجين للأغراض العامة المختلفة. على سبيل المثال، يمكن تطهير أسطح العمل فضلاً عن تطهير الحيوانات (مثل نزع جلد الأسماك، التعقيم داخل صناعات تجهيز اللحوم) عن طريق إضافة Clearox® إلى بروكسيد الهيدروجين. ويمكن أيضا استخدامه لتنقية المياه بسبب إزالة ومنع البيوفيلم.,Clearox,10212,13,0,أغراض-عامة-clearox-ar,أغراض-عامة/clearox-ar/index~lang-ar.html
ar,page,https://moreco.ma/%d8%a3%d9%87%d9%85%d9%8a%d8%a9-%d8%a7%d9%84%d8%b3%d9%8a%d9%84%d9%8a%d8%b3%d9%8a%d9%88%d9%85/?lang=ar,أهمية السيليسيوم,يكتسي السيليسيوم أهمية قليلة في مجال الزراعة، ولن يتم إعطاؤه مايستحقّ من الإهتمام إلا إذا ما تمّ فهم تقنية إضافته إلى التربة. في الماضي، كان الأشخاص يظنّون أن الحاجة إلى السيليسيوم لم تتعدّى كونه مكوّنا عاديا تتم إضافته إلى التربة، أما الأن فقد زادت أهميته وأصبح مكوّنا هاما جدا يُضاف إلى النباتات ليُحسّن وظائفها.,أهمية السيليسيوم,2163,2,2,أهمية-السيليسيوم,أهمية-السيليسيوم/index~lang-ar.html
ar,page,https://moreco.ma/%d8%a7%d9%84%d8%a3%d8%ae%d8%a8%d8%a7%d8%b1/?lang=ar,الأخبار  - Moreco,"Moreco produces and distributes products with a patented biologically active absorble form of Silicon for humans, animals and horti/agriculture products. We also provide ecological desinfection by hydrogen peroxide for water purification and biological disease control for agriculture and industries.",منتجات Moreco,3169,8,0,الأخبار,الأخبار/index~lang-ar.html
ar,page,https://moreco.ma/%d8%a7%d9%84%d8%aa%d8%ba%d8%b0%d9%8a%d8%a9-%d8%a7%d9%84%d9%88%d8%b1%d9%82%d9%8a%d8%a9-%d9%84%d9%84%d9%85%d8%ad%d8%a7%d8%b5%d9%8a%d9%84-%d8%ad%d9%82%d8%a7%d8%a6%d9%82-%d9%88%d8%ae%d8%b1%d8%a7%d9%81/?lang=ar,التغذية الورقية للمحاصيل: حقائق وخرافات ووجهات النظر,تُحاول كاتبة المقال صياغة إجاباتٍ لبعضٍ هذه الأسئلة من خلال استعمالها لمفرداتٍ ومصطلحاتٍ علمية ومنمّقة، تخصّ فيها الأسواق الكبيرة المستهدفة ومدى نجاعة مبيدات الرشّ الورقية بصفتها طريقة موائمة للبيئة ومراعية أكثر للحفاظ عليها.,التغذية الورقية للمحاصيل: حقائق وخرافات ووجهات النظر,2159,2,2,التغذية-الورقية-للمحاصيل-حقائق-وخراف,التغذية-الورقية-للمحاصيل-حقائق-وخراف/index~lang-ar.html
ar,page,https://moreco.ma/%d8%a7%d9%84%d8%aa%d8%ba%d8%b0%d9%8a%d8%a9-%d9%88%d8%a7%d9%84%d8%b4%d8%b9%d8%b1-%d8%a7%d9%84%d8%a5%d8%ae%d8%aa%d9%84%d8%a7%d9%84%d8%a7%d8%aa-%d9%88%d8%a7%d9%84%d8%a5%d8%b6%d8%a7%d9%81%d8%a7%d8%aa/?lang=ar,التغذية والشعر: الإختلالات والإضافات,تتميّز خلايا بصيلات الشعر بسرعة تغيّر كبيرة، كما أن عملية الأيض النشطة عندها تتطلب إمداداً جيداً من العناصر الغذائية والطاقية. وأيّ نقصٍ أو حرمانٍ من السعرات الحرارية لعدة عناصر، مثل البروتينات والمعادن والأحماض الدهنية الأساسية، والفيتامينات، الناجمة عن خللٍ وراثي أو انخفاض في نسبة الامتصاص يمكن أن يؤدي إلى تشوهات هيكلية، وتغيرات صبغية، أو فقدان الشعر، هذا على الرغم من قلّة البيانات الدقيقة. وجود إختلالات ليس بالأمر غير الشائع الورود، خصوصا في حالة وجود سوء تغذية.,التغذية والشعر:  الإختلالات والإضافات,2362,2,2,التغذية-والشعر-الإختلالات-والإضافات,التغذية-والشعر-الإختلالات-والإضافات/index~lang-ar.html
ar,page,https://moreco.ma/%d8%a7%d9%84%d8%ad%d9%8a%d9%88%d8%a7%d9%86%d8%a7%d8%aa/huwa-san-for-animals/?lang=ar,هو جيل جديد من التعقيم القابلة للتحلل. المنتجات Huwa-Sanهي المطهرات البيئية على أساس ب,Huwa-San هو جيل جديد من التعقيم القابلة للتحلل. المنتجات Huwa-Sanهي المطهرات البيئية على أساس بيروكسيد الهيدروجين المنشط والمستقر. الطريقة الفريدة من نوعها في التفعيل الاستقرار أثبتت فعاليتها جدا، على سبيل المثال في السيطرة على البكتيريا و الإزالة بيوفيلم. Huwa-San هو حل آمن وعديم الرائحة، وتحترم البيئة من دون الكحول المطهر. التطبيقات؛ الزراعة والصناعة البيطرية والصناعات الغذائية وحتى لتطهير (الشرب) المياه.,Huwa-San للحيوانات,2997,4,2,الحيوانات-huwa-san-for-animals,الحيوانات/huwa-san-for-animals/index~lang-ar.html
ar,page,https://moreco.ma/%d8%a7%d9%84%d8%ad%d9%8a%d9%88%d8%a7%d9%86%d8%a7%d8%aa/orthahealth-ar/?lang=ar,ORTHAHEALTH يعزز الصحة ونوعية الحياة من الحيوانات عن طريق شكل قابل للامتصاص نشطة بيولوجيا على براءة اختراع من السليكون.,سيليكون يزيد من الدفاعات في الحيوانات من خلال تفعيل نظام المناعة. في الفئران والدجاج والعجول والخيول، تشير العديد من الدراسات أن نقص السيليكون يسبب تشوهات العظام والغضاريف. على وجه التحديد، يتم تقليل الكولاجين ويقلل تكلس. الخيول هي أقل عرضة للإصابات بعد استخدام المكملات السيليكون. وبالإضافة إلى ذلك، يتم تحسين الشفاء بفضل السيليكون إضافية.,Orthahealth,1357,2,0,الحيوانات-orthahealth-ar,الحيوانات/orthahealth-ar/index~lang-ar.html
ar,page,https://moreco.ma/%d8%a7%d9%84%d8%b2%d8%b1%d8%a7%d8%b9%d8%a9%d8%a7%d9%84%d8%a8%d8%b3%d8%aa%d9%86%d8%a9/%d8%ae%d8%b7-%d9%85%d9%86%d8%aa%d8%ac%d8%a7%d8%aa-orthafight/?lang=ar,OrthaFight يمنع ويقتل الفطريات,تركيبة فريدة لم تُستخدم من قبل بمميزات مزدوجة بتحسين التغذية المطلوبة للنبات وتقويته ضد الأمراض الفطرية. Moreco OrthaFight هو مركب غير سام وقابل للذوبان بنسبة 0 في الماء. وتضمن طبيعته النشطة بيولوجياً الامتصاص السريع إلي داخل النظام النباتي مما يؤدي إلي تحسين النمو النشيط والصحي.,خط منتجات OrthaFight,3801,9,1,الزراعةالبستنة-خط-منتجات-orthafight,الزراعةالبستنة/خط-منتجات-orthafight/index~lang-ar.html
ar,page,https://moreco.ma/%d8%a7%d9%84%d9%82%d8%af%d8%b1%d8%a9-%d8%a7%d9%84%d8%b9%d9%84%d8%a7%d8%ac%d9%8a%d8%a9-%d9%84%d9%84%d8%ad%d9%85%d8%b6-%d8%a7%d9%84%d8%b3%d9%8a%d9%84%d9%8a%d8%b3%d9%8a%d9%83%d9%8a/?lang=ar,القدرة العلاجية للحمض السيليسيكي,مقاربات وأحدث المعلومات بخصوص آلية تشكيل الهيدروكسيالومينوسيليكاتس hydroxyaluminosilicates و الإمكانات العلاجية للحمض السليسيكي,القدرة العلاجية للحمض السيليسيكي,2696,2,2,القدرة-العلاجية-للحمض-السيليسيكي,القدرة-العلاجية-للحمض-السيليسيكي/index~lang-ar.html
ar,page,https://moreco.ma/%d8%aa%d8%b7%d8%a8%d9%8a%d9%82%d8%a7%d8%aa/?lang=ar,وتستند معظم خطوط الإنتاج Moreco على السيليكون لمختلف التطبيقات,يُعد السيليكون المعدن الأكثر انتشاراً علي وجه الأرض؛ والأكثر استخداماً، بعد الأوكسجين، في بناء مكونات أمنا الأرض. وحتى وقت قريب، لم يكن يُعد السيليكون عنصراً غذائياً مهماً. بسبب أنه كان يمكن العثور عليه بكميات قليلة داخل الجسم. وبفضل الأبحاث والاختبارات التي أجريناها علي مدار (10) سنوات علي البشر والحيوانات والنباتات، توصلنا إلي أن تلك الكميات القليلة لها وظيفة مهمة جداً داخل الجسم. وعلي وجه التحديد، فإن تلك الكميات الصغيرة من السيليكون تتواجد في كل مكان داخل الجسم وفي النباتات، وهي أساسية للحفاظ علي صحة جيدة وحياة نشيطة ومظهر جذاب.,تطبيقات,3345,5,0,تطبيقات,تطبيقات/index~lang-ar.html
ar,page,https://moreco.ma/%d8%ae%d9%84%d9%8a%d8%b7-%d9%85%d8%a7%d9%81%d9%8a%d8%aa%d8%a7-%d9%87%d9%8a%d9%84%d8%ab-mavita-health-%d9%8a%d8%b3%d8%a7%d8%b9%d8%af-%d8%b9%d9%84%d9%89-%d8%aa%d9%82%d9%88%d9%8a%d8%a9-%d8%ac%d9%87%d8%a7/?lang=ar,خليط مافيتا هيلث Mavita Health يساعد على تقوية جهاز المناعة,مافيتا هيلث Mavita Health هو عبارة عن خليط معدني مكون من عشرة عناصر طبيعية ضرورية لصحة الجسم، ولعلّ أهم واحدٍ من هذه العناصر هو من دون نظام غذائي صحي ومتوازن ستعاني أجسامنا من نقصٍ حاد في كمية بعض المعادن الضرورية ، وذلك مع تقدّمنا في السنّ. هذا النقص راجعٌ بالأساس إلى افتقار التربة الأوروبية إلى العديد من العناصر الطبيعية الضرورية لضمان صحة الجسم. لهذا لاتحتوي المواد الغذائية من قبيل الخضروات والفواكه واللحوم أو الحليب على نشسبة كافية من هذه المواد الضرورية. السيليسيوم.,خليط مافيتا هيلث Mavita Health يساعد على تقوية جهاز المناعة,1167,1,0,خليط-مافيتا-هيلث-mavita-health-يساعد-على-تقوية-جها,خليط-مافيتا-هيلث-mavita-health-يساعد-على-تقوية-جها/index~lang-ar.html
ar,page,https://moreco.ma/%d8%af%d8%b1%d8%a7%d8%b3%d8%a9-%d8%a7%d9%84%d8%aa%d9%88%d8%a7%d9%81%d8%b1-%d8%a7%d9%84%d8%a8%d9%8a%d9%88%d9%84%d9%88%d8%ac%d9%8a-%d9%84%d9%80%d9%80-osa/?lang=ar,دراسة التوافر البيولوجي لــ OSA,. وقد تمت مقارنة امتصاص وإفراز البول سيليكيات Si من حمض الأورثوسيليسيك المستقر (OSA)، ومستخرجات السيليكا العشبية الموحّدة من نبتة أذناب الخيليات، وحمض الكوليودال السيليسيكي في دراسة مزدوجة مع أشخاص أصحاء.,دراسة التوافر البيولوجي لــ OSA,2109,2,2,دراسة-التوافر-البيولوجي-لــ-osa,دراسة-التوافر-البيولوجي-لــ-osa/index~lang-ar.html
ar,page,https://moreco.ma/%d9%85%d9%86%d8%aa%d8%ac%d8%a7%d8%aa-moreco/?lang=ar,منتجات Moreco - Moreco,"Moreco produces and distributes products with a patented biologically active absorble form of Silicon for humans, animals and horti/agriculture products. We also provide ecological desinfection by hydrogen peroxide for water purification and biological disease control for agriculture and industries.",منتجات Moreco,785,0,0,منتجات-moreco,منتجات-moreco/index~lang-ar.html
ar,archive,https://moreco.ma/2011/?lang=ar,2011 - Moreco,"Posts of August 30, 2026",القدرة العلاجية للحمض السيليسيكي,213,0,0,2011,2011/index~lang-ar.html
ar,archive,https://moreco.ma/2012/01/?lang=ar,يناير 2012 - Moreco,"Posts of August 30, 2026",دراسة التوافر البيولوجي لــ OSA,290,0,0,2012-01,2012/01/index~lang-ar.html
ar,archive,https://moreco.ma/2012/?lang=ar,2012 - Moreco,"Posts of August 30, 2026",أثر الزراعة على الدورة البيولوجية والجيولوجية والكيميائية للسيليكيات Si,461,0,0,2012,2012/index~lang-ar.html
ar,archive,https://moreco.ma/2013/03/?lang=ar,مارس 2013 - Moreco,"Posts of August 30, 2026",أهمية السيليسيوم,713,0,0,2013-03,2013/03/index~lang-ar.html
ar,archive,https://moreco.ma/2013/05/?lang=ar,مايو 2013 - Moreco,"Posts of August 30, 2026",التغذية والشعر:  الإختلالات والإضافات,560,0,0,2013-05,2013/05/index~lang-ar.html
ar,archive,https://moreco.ma/2013/?lang=ar,2013 - Moreco,"Posts of August 30, 2026",التغذية والشعر:  الإختلالات والإضافات,1274,0,0,2013,2013/index~lang-ar.html
ar,archive,https://moreco.ma/2014/11/?lang=ar,نوفمبر 2014 - Moreco,"Posts of August 30, 2026",منتجات Moreco,336,0,0,2014-11,2014/11/index~lang-ar.html
ar,archive,https://moreco.ma/2014/?lang=ar,2014 - Moreco,"Posts of August 30, 2026",خليط مافيتا هيلث Mavita Health يساعد على تقوية جهاز المناعة,590,0,0,2014,2014/index~lang-ar.html
en,archive,http://moreco.ma/2011/?lang=en,2011 - Moreco,"Posts of August 30, 2026",The therapeutic potential of silicic acid,240,0,0,2011,2011/index~lang-en.html
en,archive,http://moreco.ma/2012/01/?lang=en,January 2012 - Moreco,"Posts of August 30, 2026",OSA bioavailability cross-over study,349,0,0,2012-01,2012/01/index~lang-en.html
en,archive,http://moreco.ma/2012/11/?lang=en,November 2012 - Moreco,"Posts of August 30, 2026",Impact of agriculture on the Si biogeochemical cycle,441,0,0,2012-11,2012/11/index~lang-en.html
en,archive,http://moreco.ma/2012/?lang=en,2012 - Moreco,"Posts of August 30, 2026",Impact of agriculture on the Si biogeochemical cycle,791,0,0,2012,2012/index~lang-en.html
en,archive,http://moreco.ma/2013/03/?lang=en,March 2013 - Moreco,"Posts of August 30, 2026",The importance of silicon,1015,0,0,2013-03,2013/03/index~lang-en.html
en,archive,http://moreco.ma/2013/05/?lang=en,May 2013 - Moreco,"Posts of August 30, 2026",Nutrition and Hair: Deficiencies and Supplements,566,0,0,2013-05,2013/05/index~lang-en.html
en,archive,http://moreco.ma/2013/?lang=en,2013 - Moreco,"Posts of August 30, 2026",Nutrition and Hair: Deficiencies and Supplements,1582,0,0,2013,2013/index~lang-en.html
en,archive,http://moreco.ma/2014/02/?lang=en,February 2014 - Moreco,"Posts of August 30, 2026",Mavita Health supports the immune system,448,0,0,2014-02,2014/02/index~lang-en.html
en,archive,http://moreco.ma/2014/11/?lang=en,November 2014 - Moreco,"Posts of August 30, 2026",Moreco products,372,0,0,2014-11,2014/11/index~lang-en.html
en,archive,http://moreco.ma/2014/?lang=en,2014 - Moreco,"Posts of August 30, 2026",Moreco products,821,0,0,2014,2014/index~lang-en.html
en,home,http://moreco.ma/?lang=en,"Moreco, Silicon for humans, plants, animals and general use","Moreco produces and distributes products with a biologically active absorble form of Silicon for humans, animals and horti/agriculture products.",Welcome at MORECO « a miracle of science »,5537,31,0,page,index~lang-en%2F.html
en,page,http://moreco.ma/agri-horticulture/?lang=en,Moreco agriculture products contain a patented absorbing form of OSA.,"It is especially effective as far as plant structure, plant physiology and protection against diseases and insects are concerned. Your plants will take root more quickly, develop stronger stems and leaves, resulting in an abundantly clear improvement of photosynthesis. Moreover Moreco agriculture products for plants realize a positive effect on the absorption of phosphorus, which in turn results in bigger flowers / fruit. You will be amazed!",Agri / Horticulture,3712,4,0,agri-horticulture,agri-horticulture/index~lang-en.html
en,page,http://moreco.ma/agri-horticulture/orthagrow-productline/?lang=en,Orthagrow reduces abiotic stresses and improves germination,"Powered by the goodness of its bio-active ingredients, Orthagrow reduces abiotic stresses and also acts as a stimulant improving germination in water stress & salt stress conditions. Crops that grow with Orthagrow vaccination develop higher percentage of Chlorophyll in their system. This means superior bio synthesis which leads to increased foliage, flowering & fruit setting. Increased shelf life due to lesser water loss in fruits & vegetables are the added advantages.",Orthagrow Productline,8122,9,8,agri-horticulture-orthagrow-productline,agri-horticulture/orthagrow-productline/index~lang-en.html
en,page,http://moreco.ma/agri-horticulture/orthagrow-productline/guidelines-use-field/?lang=en,Guidelines for use of Orthagrow Control in the field and stages of spraying,How should Orthagrow Control be used? That is very easy! Just 2 simple steps: 1. Mix with water and 2. Spray on the leaves. You can see the various stages of spraying per crop.,Guidelines for use in the field,1961,10,0,agri-horticulture-orthagrow-productline-guidelines-use-field,agri-horticulture/orthagrow-productline/guidelines-use-field/index~lang-en.html
en,page,http://moreco.ma/animals/?lang=en,Enhance health and quality of life of animals by an absorbable form of Silicon.,"Also applicable for ecological disinfection. Did you know that competitive products take up to 10 minutes to kill bacteria and viruses? By harnessing the unique power of hydrogen peroxide, Clearox delivers the fastest contact times to kill bacteria and viruses within 30 seconds – significantly faster than other products on the market today.",Animals,4445,6,0,animals,animals/index~lang-en.html
en,page,http://moreco.ma/animals/huwa-san-for-animals/?lang=en,Huwa-San for animals - Moreco,"Moreco produces and distributes products with a patented biologically active absorble form of Silicon for humans, animals and horti/agriculture products. We also provide ecological desinfection by hydrogen peroxide for water purification and biological disease control for agriculture and industries.",Huwa-San for animals,3409,4,2,animals-huwa-san-for-animals,animals/huwa-san-for-animals/index~lang-en.html
en,page,http://moreco.ma/animals/orthahealth/?lang=en,ORTHAHEALTH enhances health and quality of life of animals by a patented biologically active absorble form of Silicon.,"Also applicable for ecological disinfection. Did you know that competitive products take up to 10 minutes to kill bacteria and viruses? By harnessing the unique power of hydrogen peroxide, ORTHAHEALTH delivers the fastest contact times to kill bacteria and viruses within 30 seconds – significantly faster than other products on the market today. It’s important that the disinfectant you choose, kills the germs that are of greatest concern to public health. ORTHAHEALTH is helping you to improve protection from the spread of bacteria in the environment of animals.",Orthahealth,1643,2,0,animals-orthahealth,animals/orthahealth/index~lang-en.html
en,page,http://moreco.ma/career-opportunities-moreco/?lang=en,Career opportunities at Moreco,"Moreco seeks engaged new colleagues. We stand for a no-nonsense culture, open communication and an extensive and broad-based network of contacts. As a new company specializing in finding, managing and developing unique patented health, care, animal, agricultural products and general purpose products.",Career opportunities at Moreco,1166,0,0,career-opportunities-moreco,career-opportunities-moreco/index~lang-en.html
en,page,http://moreco.ma/contact/?lang=en,Contact information Moreco,"Moreco produces and distributes products with a patented biologically active absorble form of Silicon for humans, animals and horti/agriculture products. We also provide ecological desinfection by hydrogen peroxide for water purification and biological disease control for agriculture and industries.",Contact,2542,0,0,contact,contact/index~lang-en.html
en,page,http://moreco.ma/foliar-nutrition-of-crops-facts-myths-and-perspectives/?lang=en,"Foliar nutrition of crops: Facts, Myths and Perspectives","Dr Victoria Fernández, from the Forest Genetics and Eco-physiology Research Group, School of Forest Engineering at the Technical University of Madrid, has the story for New Age International. She tackles the answers to some of these questions in scientific and applied terms, stressing the great market potential and usefulness of foliar nutrition of crops as a more target-oriented, sustainable and environmentally-friendly complementary fertilisation method.","Foliar nutrition of crops: Facts, Myths and Perspectives",2436,2,2,foliar-nutrition-of-crops-facts-myths-and-perspectives,foliar-nutrition-of-crops-facts-myths-and-perspectives/index~lang-en.html
en,page,http://moreco.ma/general-use/?lang=en,Huwa-San is the new generation of biodegradable disinfection.,"The Huwa-San products are ecological disinfectants based on activated and stabilised hydrogen peroxide. The unique way of activating and stabilising is proven highly effective, f.i. in legionella control and removal of biofilm.",General use,4237,4,0,general-use,general-use/index~lang-en.html
en,page,http://moreco.ma/general-use/bioxeco/?lang=en,"BioXeco, the new generation of biodegradable disinfectant",BioXeco products are ecological disinfectants based on activated and stabilised hydrogen peroxide.,BioXeco Productline,3938,9,0,general-use-bioxeco,general-use/bioxeco/index~lang-en.html
en,page,http://moreco.ma/general-use/huwa-san-productline/?lang=en,Huwa-San is the new generation of biodegradable disinfection.,"The Huwa-San products are ecological disinfectants based on activated and stabilised hydrogen peroxide. The unique way of activating and stabilising is proven highly effective, f.i. in legionella control and removal of biofilm.",Huwa-San Productline,8270,5,0,general-use-huwa-san-productline,general-use/huwa-san-productline/index~lang-en.html
en,page,http://moreco.ma/general-use/huwa-san-productline/hygiene-home/?lang=en,Huwa-San Hygiene @ Home products are the ideal solution for all household disinfection.,"Huwa-San disinfectants are safe, 100% ecological and odourless. Huwa-San disinfectants can be used to disinfect surfaces, utensils, hands, and can even be used for food disinfection.",Hygiene @ Home,4978,6,0,general-use-huwa-san-productline-hygiene-home,general-use/huwa-san-productline/hygiene-home/index~lang-en.html
en,page,http://moreco.ma/general-use/huwa-san-productline/pool/?lang=en,"Huwa-San for Pool: an eco-friendly, effective water disinfectant","It is a chlorine-free disinfectant for both public as private swimming pools with protection against bacteria, viruses and algae.",Pool,7087,6,0,general-use-huwa-san-productline-pool,general-use/huwa-san-productline/pool/index~lang-en.html
en,page,http://moreco.ma/general-use/huwa-san-productline/professional-disinfection-2/?lang=en,Huwa-San for biodegradable professional disinfection.,"Huwa-San is a safe, odourless, alcohol-free and eco-friendly disinfectant solution for; Agriculture, Veterinary industry, Food industry and even for (drinking) water disinfecting.",Professional disinfection,5388,6,5,general-use-huwa-san-productline-professional-disinfection-2,general-use/huwa-san-productline/professional-disinfection-2/index~lang-en.html
en,page,http://moreco.ma/general-use/huwa-san-productline/professional-disinfection-2/agriculture/?lang=en,"Huwa-San AGRO optimizes root growth, oxygen uptake, plant health.",Huwa-San AGRO increases your yield by optimizing water quality and better hygiene. Maximizing water quality and fertigation efficiency. Increasing productivity while decreasing the pesticide burden and ensuring a clean environment reducing environmental stress for your crops and decreasing losses.,Agriculture,1269,0,0,general-use-huwa-san-productline-professional-disinfection-2-agriculture,general-use/huwa-san-productline/professional-disinfection-2/agriculture/index~lang-en.html
en,page,http://moreco.ma/general-use/huwa-san-productline/professional-disinfection-2/food-beverage/?lang=en,Huwa-San Food & Beverage is ideal for disinfection,"Huwa-San F&B products are ideal for the disinfection of surfaces, equipment and machinery in all kinds of food processing companies.",Food & Beverage,973,0,0,general-use-huwa-san-productline-professional-disinfection-2-food-beverage,general-use/huwa-san-productline/professional-disinfection-2/food-beverage/index~lang-en.html
en,page,http://moreco.ma/general-use/huwa-san-productline/professional-disinfection-2/hard-surface/?lang=en,Huwa-San Hard Surface for industrial kitchens,"Huwa-San 50 HS solution is a disinfectant for surfaces, floors and materials in for example cosmetic, pharmaceutical, industrial kitchens, …",Hard Surface,325,0,0,general-use-huwa-san-productline-professional-disinfection-2-hard-surface,general-use/huwa-san-productline/professional-disinfection-2/hard-surface/index~lang-en.html
en,page,http://moreco.ma/general-use/huwa-san-productline/professional-disinfection-2/veterinary/?lang=en,Huwa-San VET improves the animal health and water quality,"Huwa-San VET enhances the quality of the animals’ living conditions, resulting in healthier, bigger animals and a lower mortality rate.",Veterinary,1066,0,0,general-use-huwa-san-productline-professional-disinfection-2-veterinary,general-use/huwa-san-productline/professional-disinfection-2/veterinary/index~lang-en.html
en,page,http://moreco.ma/general-use/huwa-san-productline/professional-disinfection-2/water-treatment/?lang=en,"Huwa-San 50 WT is suitable to kill bacteria, fungi, viruses, spores, algae and amoebae.","Huwa-San Water products can be used to disinfect your entire water system, to remove biofilm and to prevent Legionella. Huwa-San Water is a biodegradable alternative to existing products on the basis of halogens, chlorine, bromine, iodine, aldehydes, quaternary ammonium compounds.",Water Treatment,452,0,0,general-use-huwa-san-productline-professional-disinfection-2-water-treatment,general-use/huwa-san-productline/professional-disinfection-2/water-treatment/index~lang-en.html
en,page,http://moreco.ma/humans/?lang=en,MORECO offers a biologically active silicon that can be absorbed by humans,"All humans need silicon; it is the mineral that enables us to age healthily, actively and gracefully. All these substances are great supplements to our daily diet and support our bones, joints, heart and blood vessels and the growth of skin, hair and nails. Depending on cell production and growth, the use of Mavita, will be effective from the age of 7.",Humans,1834,2,0,humans,humans/index~lang-en.html
en,page,http://moreco.ma/humans/mavita-productline/?lang=en,Mavita Productline with fully absorbed OSA,"The Mavita line provides these substances (OSA) as great additional supplements for your daily diet. It strengthens bones, joints, heart and blood vessels. It stimulates the growth and health of hair, nails and skin.",Mavita Productline,5700,7,6,humans-mavita-productline,humans/mavita-productline/index~lang-en.html
en,page,http://moreco.ma/humans/mavita-productline/mavita-beauty/?lang=en,Discover a new general wellbeing with Mavita Beauty,"Silicon is an essential trace element needed for the normal growth, development and health of hair, skin and nails. Our product is the only one to contain fully absorbed Si! Mavita Beauty is a “state of the art” nutri- supplement designed to promote healthy, strong and hydrated skin that looks and feels more youthful.",Mavita Beauty,2486,2,0,humans-mavita-productline-mavita-beauty,humans/mavita-productline/mavita-beauty/index~lang-en.html
en,page,http://moreco.ma/humans/mavita-productline/mavita-health/?lang=en,Mavita Health is an energized suspension of bioavailable silica and 10 selected MINERALS,"Mavita Health contains all the important elements like the indispensable silicon. It has a positive effect on the whole body because of its balanced composition. It makes, the bones, the blood vessels and the muscles healthy again. Moreover, it strengthens nails and makes hair thicker. Besides, it contributes to the preservation of flexible joints and strong bones. Mavita Health also influences the quality and elasticity of the skin because it stimulates the creation of collagen.",,4457,1,0,humans-mavita-productline-mavita-health,humans/mavita-productline/mavita-health/index~lang-en.html
en,page,http://moreco.ma/humans/mavita-productline/mavita-luxe/?lang=en,Mavita Luxe,"The natural way to optimum endocrinal balance, more energy and better sexual functioning, both for men and for women. Ensures increased blood circulation of the corpi cavernosi!",Mavita Luxe,5219,4,0,humans-mavita-productline-mavita-luxe,humans/mavita-productline/mavita-luxe/index~lang-en.html
en,page,http://moreco.ma/humans/mavita-productline/mavita-slim-maca/?lang=en,Mavita Slim+ is your perfect meal replacement shake,"Our Mavita Slim+ protein diet is the best and most scientifically supported way to lose weight quickly in a healthy responsible way. If the diet is followed in a proper way we guarantee a fast and permanent weight loss. Moreover, our product contains the best proteins in combination with a 100% bio-available silica, so your diet will no have extra cost to your budget relative to normal daily diet.",Mavita Slim+ (with Maca),8052,3,0,humans-mavita-productline-mavita-slim-maca,humans/mavita-productline/mavita-slim-maca/index~lang-en.html
en,page,http://moreco.ma/humans/mavita-productline/mavita-sport/?lang=en,Mavita Sport: Energized suspension of bioavailable silica and 8 selected MINERALS,"Mavita Sport contains the main component silicon which ensures a faster recovery from injuries, when it is daily taken. It also prevents acidification of muscles and it takes care of a better endurance.",Mavita Sport,1031,2,0,humans-mavita-productline-mavita-sport,humans/mavita-productline/mavita-sport/index~lang-en.html
en,page,http://moreco.ma/humans/mavita-productline/mavita-stress-plex/?lang=en,Feel the difference in your overall well-being with Mavita Stress-plex,"If you feel stressed or anxious often, it can be a sign of bigger issues. Stress-plex is a natural supplement. It contains nutrients and Si that support healthy brain and nervous system function. Helps prevent the release of stress hormones that may cause you to feel anxious.",Mavita Stress-Plex,4780,2,0,humans-mavita-productline-mavita-stress-plex,humans/mavita-productline/mavita-stress-plex/index~lang-en.html
en,page,http://moreco.ma/hydroxyaluminosilicates-and-the-therapeutic-potential-of-silicic-acid/?lang=en,The therapeutic potential of silicic acid,Reflections upon and recent insight into the mechanism of formation of hydroxyaluminosilicates and the therapeutic potential of silicic acid.,The therapeutic potential of silicic acid,2892,2,2,hydroxyaluminosilicates-and-the-therapeutic-potential-of-silicic-acid,hydroxyaluminosilicates-and-the-therapeutic-potential-of-silicic-acid/index~lang-en.html
en,page,http://moreco.ma/impact-of-agriculture-on-the-si-biogeochemical-cycle/?lang=en,Impact of agriculture on the Si biogeochemical cycle,"We present here new evidence that the exportation of straw can lead to the depletion of the soil phytoliths pool in 10 years. In order to maintain the current levels of Si in crops, the contribution of other soil silicates such as clay minerals to the phytoavailable silica pool may become a key parameter, when straw is exported.",Impact of agriculture on the Si biogeochemical cycle,2243,2,2,impact-of-agriculture-on-the-si-biogeochemical-cycle,impact-of-agriculture-on-the-si-biogeochemical-cycle/index~lang-en.html
en,page,http://moreco.ma/mavita-health-supports-immune-system/?lang=en,Mavita Health supports the immune system: the basis for a good health,"Mavita Health is a unique mineral complex composed of ten essential natural spore- and macro elements. The most essential mineral of this is silicon. Every human being will get, despite a balanced and healthy nutrition, a lack of certain minerals as one gets older. This is caused by the fact the European soil does not contain enough spore elements.",Mavita Health supports the immune system,1089,1,0,mavita-health-supports-immune-system,mavita-health-supports-immune-system/index~lang-en.html
en,page,http://moreco.ma/media/?lang=en,Media files and upcoming events - Moreco,"Moreco produces and distributes products with a patented biologically active absorble form of Silicon for humans, animals and horti/agriculture products. We also provide ecological desinfection by hydrogen peroxide for water purification and biological disease control for agriculture and industries.",Media files and upcoming events,1508,2,3,media,media/index~lang-en.html
en,page,http://moreco.ma/moreco-products/?lang=en,Moreco products - Moreco,"Moreco produces and distributes products with a patented biologically active absorble form of Silicon for humans, animals and horti/agriculture products. We also provide ecological desinfection by hydrogen peroxide for water purification and biological disease control for agriculture and industries.",Moreco products,815,0,0,moreco-products,moreco-products/index~lang-en.html
en,page,http://moreco.ma/news/?lang=en,News - Moreco,"Moreco produces and distributes products with a patented biologically active absorble form of Silicon for humans, animals and horti/agriculture products. We also provide ecological desinfection by hydrogen peroxide for water purification and biological disease control for agriculture and industries.",Moreco products,3437,8,0,news,news/index~lang-en.html
en,page,http://moreco.ma/nutrition-and-hair-deficiencies-and-supplements/?lang=en,Nutrition and Hair: Deficiencies and Supplements,"Hair follicle cells have a high turnover. Their active metabolism requires a good supply of nutrients and energy. A caloric deprivation or deficiency of several components, such as proteins, minerals, essential fatty acids, and vitamins, caused by inborn errors or reduced uptake can lead to structural abnormalities, pigmentation changes, or hair loss, although exact data are often lacking. Combined deficiencies are not uncommon, especially in malnutrition.",Nutrition and Hair: Deficiencies and Supplements,2653,2,2,nutrition-and-hair-deficiencies-and-supplements,nutrition-and-hair-deficiencies-and-supplements/index~lang-en.html
en,page,http://moreco.ma/osa-bioavailability-cross-over-study/?lang=en,OSA bioavailability cross-over study,"The absorption and urinary excretion of Si from stabilized orthosilicic acid (OSA), standardized herbal silica extract from the Si-accumulator plant Equisetum arvense, and colloidal silicic acid were compared in a double-blind study with healthy subjects.",OSA bioavailability cross-over study,2249,2,2,osa-bioavailability-cross-over-study,osa-bioavailability-cross-over-study/index~lang-en.html
en,page,http://moreco.ma/products/?lang=en,Moreco distributes products with an absorbable form of Silicon (OSA).,"Moreco produces and distributes products with a patented biologically active absorbable form of Silicon for humans, animals and horti/agriculture products. We also provide ecological disinfection by hydrogen peroxide for water purification and biological disease control for agriculture and industries.",Products,1023,4,0,products,products/index~lang-en.html
en,page,http://moreco.ma/research-products/?lang=en,Research for all products - Moreco,"Moreco produces and distributes products with a patented biologically active absorble form of Silicon for humans, animals and horti/agriculture products. We also provide ecological desinfection by hydrogen peroxide for water purification and biological disease control for agriculture and industries.",Research for all products,1361,20,0,research-products,research-products/index~lang-en.html
en,page,http://moreco.ma/research/15-resultats-sur-les-grapes/?lang=en,15-Résultats sur les grapes - Moreco,"Moreco produces and distributes products with a patented biologically active absorble form of Silicon for humans, animals and horti/agriculture products. We also provide ecological desinfection by hydrogen peroxide for water purification and biological disease control for agriculture and industries.",,297,1,0,research-15-resultats-sur-les-grapes,research/15-resultats-sur-les-grapes/index~lang-en.html
en,page,http://moreco.ma/research/16-resultats-sur-les-prunes/?lang=en,16-Résultats sur les prunes - Moreco,"Moreco produces and distributes products with a patented biologically active absorble form of Silicon for humans, animals and horti/agriculture products. We also provide ecological desinfection by hydrogen peroxide for water purification and biological disease control for agriculture and industries.",,146,1,0,research-16-resultats-sur-les-prunes,research/16-resultats-sur-les-prunes/index~lang-en.html
en,page,http://moreco.ma/research/17-resultats-sur-les-framboises/?lang=en,17- Résultats sur les Framboises - Moreco,"Moreco produces and distributes products with a patented biologically active absorble form of Silicon for humans, animals and horti/agriculture products. We also provide ecological desinfection by hydrogen peroxide for water purification and biological disease control for agriculture and industries.",,186,1,0,research-17-resultats-sur-les-framboises,research/17-resultats-sur-les-framboises/index~lang-en.html
en,page,http://moreco.ma/research/18-resultats-sur-les-oignons/?lang=en,18- Résultats sur les oignons - Moreco,"Moreco produces and distributes products with a patented biologically active absorble form of Silicon for humans, animals and horti/agriculture products. We also provide ecological desinfection by hydrogen peroxide for water purification and biological disease control for agriculture and industries.",18- Résultats sur les oignons,134,1,0,research-18-resultats-sur-les-oignons,research/18-resultats-sur-les-oignons/index~lang-en.html
en,page,http://moreco.ma/research/19-resultats-sur-le-gazon/?lang=en,19- Résultats sur le Gazon - Moreco,"Moreco produces and distributes products with a patented biologically active absorble form of Silicon for humans, animals and horti/agriculture products. We also provide ecological desinfection by hydrogen peroxide for water purification and biological disease control for agriculture and industries.",,149,1,0,research-19-resultats-sur-le-gazon,research/19-resultats-sur-le-gazon/index~lang-en.html
en,page,http://moreco.ma/research/effets-des-produits-orthagrow-sur-les-poivrons/?lang=en,10- Résultats sur les poivrons - Moreco,"Moreco produces and distributes products with a patented biologically active absorble form of Silicon for humans, animals and horti/agriculture products. We also provide ecological desinfection by hydrogen peroxide for water purification and biological disease control for agriculture and industries.",,153,3,0,research-effets-des-produits-orthagrow-sur-les-poivrons,research/effets-des-produits-orthagrow-sur-les-poivrons/index~lang-en.html
en,page,http://moreco.ma/research/resultats-de-la-production-de-ble-a-lapplication-de-orthagrow-granule/?lang=en,09-Résultats sue le blé - Moreco,"Moreco produces and distributes products with a patented biologically active absorble form of Silicon for humans, animals and horti/agriculture products. We also provide ecological desinfection by hydrogen peroxide for water purification and biological disease control for agriculture and industries.",,162,3,0,research-resultats-de-la-production-de-ble-a-lapplication-de-orthagrow-granule,research/resultats-de-la-production-de-ble-a-lapplication-de-orthagrow-granule/index~lang-en.html
en,page,http://moreco.ma/research/resultats-de-la-production-de-guinoa-a-lapplication-de-orthagrow-control/?lang=en,14-Résultats sur le QUINOA - Moreco,"Moreco produces and distributes products with a patented biologically active absorble form of Silicon for humans, animals and horti/agriculture products. We also provide ecological desinfection by hydrogen peroxide for water purification and biological disease control for agriculture and industries.",,154,2,0,research-resultats-de-la-production-de-guinoa-a-lapplication-de-orthagrow-contro,research/resultats-de-la-production-de-guinoa-a-lapplication-de-orthagrow-control/index~lang-en.html
en,page,http://moreco.ma/research/resultats-de-la-production-de-mais-densilage-a-lapplication-de-orthagrow-poudre/?lang=en,12-Résultats maïs d'ensilage - Moreco,"Moreco produces and distributes products with a patented biologically active absorble form of Silicon for humans, animals and horti/agriculture products. We also provide ecological desinfection by hydrogen peroxide for water purification and biological disease control for agriculture and industries.",,192,2,0,research-resultats-de-la-production-de-mais-densilage-a-lapplication-de-orthagro,research/resultats-de-la-production-de-mais-densilage-a-lapplication-de-orthagrow-poudre/index~lang-en.html
en,page,http://moreco.ma/research/resultats-de-la-production-sur-les-arbres-pecher-a-lapplication-de-orthagrow-bloom-booster/?lang=en,05-Résultats sur les pêcher - Moreco,"Moreco produces and distributes products with a patented biologically active absorble form of Silicon for humans, animals and horti/agriculture products. We also provide ecological desinfection by hydrogen peroxide for water purification and biological disease control for agriculture and industries.",,167,2,0,research-resultats-de-la-production-sur-les-arbres-pecher-a-lapplication-de-orth,research/resultats-de-la-production-sur-les-arbres-pecher-a-lapplication-de-orthagrow-bloom-booster/index~lang-en.html
en,page,http://moreco.ma/research/resultats-sur-les-agrumes-marisol-apres-lapplication-de-orthagrow-control/?lang=en,04-Résultats sur les Agrumes - Moreco,"Moreco produces and distributes products with a patented biologically active absorble form of Silicon for humans, animals and horti/agriculture products. We also provide ecological desinfection by hydrogen peroxide for water purification and biological disease control for agriculture and industries.",,141,4,0,research-resultats-sur-les-agrumes-marisol-apres-lapplication-de-orthagrow-contr,research/resultats-sur-les-agrumes-marisol-apres-lapplication-de-orthagrow-control/index~lang-en.html
en,page,http://moreco.ma/research/resultats-sur-les-cactus-apres-lapplication-de-orthagrow-control/?lang=en,13-Résultats sur les cactus - Moreco,"Moreco produces and distributes products with a patented biologically active absorble form of Silicon for humans, animals and horti/agriculture products. We also provide ecological desinfection by hydrogen peroxide for water purification and biological disease control for agriculture and industries.",,200,1,0,research-resultats-sur-les-cactus-apres-lapplication-de-orthagrow-control,research/resultats-sur-les-cactus-apres-lapplication-de-orthagrow-control/index~lang-en.html
en,page,http://moreco.ma/research/resultats-sur-les-carottes-apres-lapplication-de-orthagrow-control-2/?lang=en,08-Résultats sur les carottes - Moreco,"Moreco produces and distributes products with a patented biologically active absorble form of Silicon for humans, animals and horti/agriculture products. We also provide ecological desinfection by hydrogen peroxide for water purification and biological disease control for agriculture and industries.",,206,2,0,research-resultats-sur-les-carottes-apres-lapplication-de-orthagrow-control-2,research/resultats-sur-les-carottes-apres-lapplication-de-orthagrow-control-2/index~lang-en.html
en,page,http://moreco.ma/research/resultats-sur-les-carottes-apres-lapplication-de-orthagrow-control/?lang=en,08-Résultats sur les carottes - Moreco,"Moreco produces and distributes products with a patented biologically active absorble form of Silicon for humans, animals and horti/agriculture products. We also provide ecological desinfection by hydrogen peroxide for water purification and biological disease control for agriculture and industries.",,187,1,0,research-resultats-sur-les-carottes-apres-lapplication-de-orthagrow-control,research/resultats-sur-les-carottes-apres-lapplication-de-orthagrow-control/index~lang-en.html
en,page,http://moreco.ma/research/resultats-sur-les-fraises-apres-lapplication-de-la-gamme-orthagrow/?lang=en,02-Résultats sur les fraises - Moreco,"Moreco produces and distributes products with a patented biologically active absorble form of Silicon for humans, animals and horti/agriculture products. We also provide ecological desinfection by hydrogen peroxide for water purification and biological disease control for agriculture and industries.",,239,3,0,research-resultats-sur-les-fraises-apres-lapplication-de-la-gamme-orthagrow,research/resultats-sur-les-fraises-apres-lapplication-de-la-gamme-orthagrow/index~lang-en.html
en,page,http://moreco.ma/research/resultats-sur-les-melons-jaune-apres-lapplication-de-la-gamme-orthagrow/?lang=en,07-Résultats sur les melons - Moreco,"Moreco produces and distributes products with a patented biologically active absorble form of Silicon for humans, animals and horti/agriculture products. We also provide ecological desinfection by hydrogen peroxide for water purification and biological disease control for agriculture and industries.",,223,3,0,research-resultats-sur-les-melons-jaune-apres-lapplication-de-la-gamme-orthagrow,research/resultats-sur-les-melons-jaune-apres-lapplication-de-la-gamme-orthagrow/index~lang-en.html
en,page,http://moreco.ma/research/resultats-sur-les-olives-apres-lapplication-de-orthagrow-control/?lang=en,11- Résultats sur les Olives - Moreco,"Moreco produces and distributes products with a patented biologically active absorble form of Silicon for humans, animals and horti/agriculture products. We also provide ecological desinfection by hydrogen peroxide for water purification and biological disease control for agriculture and industries.",,134,1,0,research-resultats-sur-les-olives-apres-lapplication-de-orthagrow-control,research/resultats-sur-les-olives-apres-lapplication-de-orthagrow-control/index~lang-en.html
en,page,http://moreco.ma/research/resultats-sur-les-pommes-de-terre-apres-lapplication-du-produit-orthagrow-control/?lang=en,06-Résultats pommes de terre - Moreco,"Moreco produces and distributes products with a patented biologically active absorble form of Silicon for humans, animals and horti/agriculture products. We also provide ecological desinfection by hydrogen peroxide for water purification and biological disease control for agriculture and industries.",,169,2,0,research-resultats-sur-les-pommes-de-terre-apres-lapplication-du-produit-orthagr,research/resultats-sur-les-pommes-de-terre-apres-lapplication-du-produit-orthagrow-control/index~lang-en.html
en,page,http://moreco.ma/research/resultats-sur-les-pommiers-apres-lapplication-des-produits-la-gamme-orthagrow/?lang=en,01-Résultats sur les pommiers - Moreco,"Moreco produces and distributes products with a patented biologically active absorble form of Silicon for humans, animals and horti/agriculture products. We also provide ecological desinfection by hydrogen peroxide for water purification and biological disease control for agriculture and industries.",,222,3,0,research-resultats-sur-les-pommiers-apres-lapplication-des-produits-la-gamme-ort,research/resultats-sur-les-pommiers-apres-lapplication-des-produits-la-gamme-orthagrow/index~lang-en.html
en,page,http://moreco.ma/research/resultats-sur-les-tomates-apres-lapplication-de-orthagrow-control/?lang=en,03- Résultats sur les tomates - Moreco,"Moreco produces and distributes products with a patented biologically active absorble form of Silicon for humans, animals and horti/agriculture products. We also provide ecological desinfection by hydrogen peroxide for water purification and biological disease control for agriculture and industries.",,172,3,0,research-resultats-sur-les-tomates-apres-lapplication-de-orthagrow-control,research/resultats-sur-les-tomates-apres-lapplication-de-orthagrow-control/index~lang-en.html
en,page,http://moreco.ma/the-importance-of-silicon/?lang=en,The importance of silicon,"While the importance of (Si) in agriculture is poorly accepted, it will be when the consequences of adding (Si) to the soil are properly understood! In the past everyone thought that Silicon was not needed except as an ordinary constituent of the soil. Now it is slowly being accepted as an important beneficial element inside plants for their proper functioning.",The importance of silicon,2346,2,2,the-importance-of-silicon,the-importance-of-silicon/index~lang-en.html
en,page,https://moreco.ma/agri-horticulture/orthafight-productline/?lang=en,OrthaFight prevents and kills fungus in plants,"An unique first-ever formulation with the dual benefit of enhancing required nutrition to the plant and strengthening against fungal pathogens. Moreco’s OrthaFight productline is non-toxic, 100% soluble in water and it's bio-active nature ensures rapid absorption into the plant system and improves vigour and healthy growth.",Orthafight Productline,4136,9,1,agri-horticulture-orthafight-productline,agri-horticulture/orthafight-productline/index~lang-en.html
en,page,https://moreco.ma/applications/?lang=en,Most Moreco product lines are based on Silicon for various applications,"Silicon is the most common mineral on earth and, after oxygen, it is the most commonly used building block of mother earth. Until recently silicon was not considered an important nutrient for applications, because only small quantities of it can be found in the body. Thanks to our (10) years of new research and testing in people, animals and plants, we have recently found that these small quantities have a very important function in the body. Precisely these nano amounts of silicon are present everywhere in the body and in plants, and are essential to maintaining good health, an active life and an attractive appearance.",Applications,3584,5,0,applications,applications/index~lang-en.html
en,page,https://moreco.ma/general-use/clearox/?lang=en,Clearox® can be used as an activator for hydrogen peroxide for various general purposes.,"For instance disinfection of work surfaces as well as for disinfection of animals (e.g. desliming of fish, sanitation within the meat processing industry) can be accomplished by assing Clearox® to the Hydrogen Peroxide. It can also be used for purification of water due to the removal and prevention of biofilm.",Clearox,11218,13,0,general-use-clearox,general-use/clearox/index~lang-en.html
en,page,https://moreco.ma/registration-for-launch-moreco/?lang=en,Registration for Launch Moreco at SIAM MEKNES Morocco,Would you like to attend our private Grand launch of Moreco on 21-04-2014? Register now to attend. You and your guests are cordially invited!,Registration for Launch Moreco,2284,2,0,registration-for-launch-moreco,registration-for-launch-moreco/index~lang-en.html
fr,home,http://moreco.ma/,"Moreco, silicium pour les humains, les plantes, les animaux et l'utilisation générale","Moreco produit et distribue des produits avec une forme absorbable de Silicon biologiquement active brevetée pour des humains, d’animaux et des produits horti/agricoles. Nous fournirons également l’éco-désinfection par le peroxyde d’hydrogène pour la purification de l’eau et le contrôle des maladies biologiques pour l’agriculture et l’industrie.","Bienvenu chez MORECO, « un miracle de la science »",9240,29,0,page,index.html
fr,page,http://moreco.ma/agri-horticulture-fr/,Les produits Moreco pour agriculture contiennent OSA pour plantes.,"Il est particulièrement effectif pour la structure des plantes, leur physiologie et la protection contre les maladies et les insectes. Vos plantes prendront racine plus rapidement et développeront des tiges et feuilles plus robustes, résultant en une amélioration nette de la photosynthèse. De plus, les produits Moreco pour plantes ont un effet positif sur l’absorption de phosphore, ce qui a pour résultat des fleurs et fruits plus grands. Vous serez étonné!",Agri / Horticulture,4400,4,0,agri-horticulture-fr,agri-horticulture-fr/index.html
fr,page,http://moreco.ma/contact/,Information de contact Moreco,"Moreco produit et distribue des produits avec une forme absorbable de Silicon biologiquement active brevetée pour des humains, d’animaux et des produits horti/agricoles. Nous fournirons également l’éco-désinfection par le peroxyde d’hydrogène pour la purification de l’eau et le contrôle des maladies biologiques pour l’agriculture et l’industrie.",Contact,2698,0,0,contact,contact/index.html
fr,page,http://moreco.ma/des-animaux/,Améliorer la santé et la qualité de vie des animaux par Silicium absorbable.,"Également applicable pour la désinfection écologique. Saviez-vous que les produits concurrents prennent jusqu'à 10 minutes pour tuer les bactéries et les virus? En exploitant la puissance unique de peroxyde d'hydrogène, Clearox procure des temps les plus rapides de contact pour tuer les bactéries et les virus en 30 secondes - nettement plus rapide que les autres produits sur le marché aujourd'hui.",Des Animaux,5317,6,0,des-animaux,des-animaux/index.html
fr,page,http://moreco.ma/emploi-general/,Huwa-San est la nouvelle génération de la désinfection biodégradable.,"Les produits Huwa-San sont des désinfectants écologiques basés sur le peroxyde d'hydrogène activé et stabilisé. La façon unique d'activation et de stabilisation s'est avéré très efficace, par ex dans le contrôle de légionella et l'élimination du biofilm.",Emploi général,4737,4,0,emploi-general,emploi-general/index.html
fr,page,http://moreco.ma/emploi-general/gamme-de-produits-huwa-san/,Huwa-San est la nouvelle génération de la désinfection biodégradable.,"Les produits Huwa-San sont des désinfectants écologiques basés sur le peroxyde d'hydrogène activé et stabilisé. La façon unique d'activation et de stabilisation s'est avéré très efficace, par ex dans le contrôle de légionella et l'élimination du biofilm.",Gamme de produits Huwa-San,9714,5,0,emploi-general-gamme-de-produits-huwa-san,emploi-general/gamme-de-produits-huwa-san/index.html
fr,page,http://moreco.ma/emploi-general/gamme-de-produits-huwa-san/desinfection-professionnel/,Huwa-San est la nouvelle génération de désinfection biodégradable.,"Huwa-San est une solution sûre et inodore, et respectueux de l'environnement sans alcool désinfectant pour; Agriculture, industrie vétérinaire, l'industrie alimentaire et même pour la désinfection de l'eau (potable).",Désinfection Professionnel,6508,6,5,emploi-general-gamme-de-produits-huwa-san-desinfection-professionnel,emploi-general/gamme-de-produits-huwa-san/desinfection-professionnel/index.html
fr,page,http://moreco.ma/les-dossiers-pour-les-medias-et-les-evenements-venir/,Les dossiers pour les medias et les evenements a venir,"Moreco produces and distributes products with a patented biologically active absorble form of Silicon for humans, animals and horti/agriculture products. We also provide ecological desinfection by hydrogen peroxide for water purification and biological disease control for agriculture and industries.",Les dossiers pour les medias et les evenements a venir,1510,2,3,les-dossiers-pour-les-medias-et-les-evenements-venir,les-dossiers-pour-les-medias-et-les-evenements-venir/index.html
fr,page,http://moreco.ma/les-humains/,MORECO propose un silicium biologiquement actif qui peut être absorbée par les humains,"Les hommes comme les animaux et les plantes ont besoin de silicium. C’est un minéral qui nous permet d’être en bonne santé, actifs et de bien vieillir. Toutes ces substances sont bénéfiques en complément de notre alimentation quotidienne : elles fortifient nos os, nos articulations, notre cœur et nos vaisseaux sanguins et contribuent à la croissance de la peau, des cheveux et des ongles. En fonction de la formation et du développement des cellules, la prise de Mavita est efficace dès l’âge de 7 ans.",Les humains,2240,2,0,les-humains,les-humains/index.html
fr,page,http://moreco.ma/les-humains/ligne-de-produit-mavita/,Le ligne de produit Mavita apporte de la qualité de vie!,"Nous avons tous besoin de silice, indépendamment de notre âge. Il est important de fournir des apports en silice très tôt dans l’existence car au fil du vieillissement les niveaux en silice présents dans le tissus connaissent une baisse brutale. La silice a une influence absolue exacte sur l’absorption de tous les minéraux dont le corps a besoin pour rester en bonne santé.",Ligne de produit Mavita,6966,7,6,les-humains-ligne-de-produit-mavita,les-humains/ligne-de-produit-mavita/index.html
fr,page,http://moreco.ma/opportunites-de-carriere-a-moreco/,Opportunités de carrière à Moreco,"Moreco est à la recherche de nouveaux collègues engagés. Nous avons une culture pragmatique et réaliste, une communication ouverte, de même qu'un réseau étendu et ramifié de contacts. Nous sommes une nouvelle entreprise - spécialisée dans la recherche, la gestion et le développement de produits uniques et brevetés de santé, de soin, pour animaux, agricoles et à des fins générales.",Opportunités de carrière à Moreco,1357,0,0,opportunites-de-carriere-a-moreco,opportunites-de-carriere-a-moreco/index.html
fr,page,http://moreco.ma/produits/,Moreco distribue des produits avec une forme absorbable de silicium (OSA).,"Moreco produit et distribue des produits avec une forme de silicone brevetée, biologiquement active et absorbable pour les humains, animaux et produits horti- / agriculturaux. Nous assurons aussi la désinfection écologique avec du peroxyde d’hydrogène pour la purification de l’eau et le contrôle biologique de phytopathologies dans l’agriculture et l’industrie.",Produits,1221,4,0,produits,produits/index.html
fr,page,http://moreco.ma/recherche/,Résultats de l'utilisation des produits MORECO / ORTHAGROW - Moreco,"Moreco produces and distributes products with a patented biologically active absorble form of Silicon for humans, animals and horti/agriculture products. We also provide ecological desinfection by hydrogen peroxide for water purification and biological disease control for agriculture and industries.",Résultats de l'utilisation des produits MORECO / ORTHAGROW,1552,20,0,recherche,recherche/index.html
fr,page,http://moreco.ma/research/15-resultats-sur-les-grapes/,15-Résultats sur les grapes - Moreco,"Moreco produces and distributes products with a patented biologically active absorble form of Silicon for humans, animals and horti/agriculture products. We also provide ecological desinfection by hydrogen peroxide for water purification and biological disease control for agriculture and industries.",,299,1,0,research-15-resultats-sur-les-grapes,research/15-resultats-sur-les-grapes/index.html
fr,page,http://moreco.ma/research/16-resultats-sur-les-prunes/,16-Résultats sur les prunes - Moreco,"Moreco produces and distributes products with a patented biologically active absorble form of Silicon for humans, animals and horti/agriculture products. We also provide ecological desinfection by hydrogen peroxide for water purification and biological disease control for agriculture and industries.",,148,1,0,research-16-resultats-sur-les-prunes,research/16-resultats-sur-les-prunes/index.html
fr,page,http://moreco.ma/research/17-resultats-sur-les-framboises/,17- Résultats sur les Framboises - Moreco,"Moreco produces and distributes products with a patented biologically active absorble form of Silicon for humans, animals and horti/agriculture products. We also provide ecological desinfection by hydrogen peroxide for water purification and biological disease control for agriculture and industries.",,188,1,0,research-17-resultats-sur-les-framboises,research/17-resultats-sur-les-framboises/index.html
fr,page,http://moreco.ma/research/18-resultats-sur-les-oignons/,18- Résultats sur les oignons - Moreco,"Moreco produces and distributes products with a patented biologically active absorble form of Silicon for humans, animals and horti/agriculture products. We also provide ecological desinfection by hydrogen peroxide for water purification and biological disease control for agriculture and industries.",18- Résultats sur les oignons,136,1,0,research-18-resultats-sur-les-oignons,research/18-resultats-sur-les-oignons/index.html
fr,page,http://moreco.ma/research/19-resultats-sur-le-gazon/,19- Résultats sur le Gazon - Moreco,"Moreco produces and distributes products with a patented biologically active absorble form of Silicon for humans, animals and horti/agriculture products. We also provide ecological desinfection by hydrogen peroxide for water purification and biological disease control for agriculture and industries.",,151,1,0,research-19-resultats-sur-le-gazon,research/19-resultats-sur-le-gazon/index.html
fr,page,http://moreco.ma/research/effets-des-produits-orthagrow-sur-les-poivrons/,10- Résultats sur les poivrons - Moreco,"Moreco produces and distributes products with a patented biologically active absorble form of Silicon for humans, animals and horti/agriculture products. We also provide ecological desinfection by hydrogen peroxide for water purification and biological disease control for agriculture and industries.",,155,3,0,research-effets-des-produits-orthagrow-sur-les-poivrons,research/effets-des-produits-orthagrow-sur-les-poivrons/index.html
fr,page,http://moreco.ma/research/resultats-de-la-production-de-ble-a-lapplication-de-orthagrow-granule/,09-Résultats sue le blé - Moreco,"Moreco produces and distributes products with a patented biologically active absorble form of Silicon for humans, animals and horti/agriculture products. We also provide ecological desinfection by hydrogen peroxide for water purification and biological disease control for agriculture and industries.",,164,3,0,research-resultats-de-la-production-de-ble-a-lapplication-de-orthagrow-granule,research/resultats-de-la-production-de-ble-a-lapplication-de-orthagrow-granule/index.html
fr,page,http://moreco.ma/research/resultats-de-la-production-de-guinoa-a-lapplication-de-orthagrow-control/,14-Résultats sur le QUINOA - Moreco,"Moreco produces and distributes products with a patented biologically active absorble form of Silicon for humans, animals and horti/agriculture products. We also provide ecological desinfection by hydrogen peroxide for water purification and biological disease control for agriculture and industries.",,156,2,0,research-resultats-de-la-production-de-guinoa-a-lapplication-de-orthagrow-contro,research/resultats-de-la-production-de-guinoa-a-lapplication-de-orthagrow-control/index.html
fr,page,http://moreco.ma/research/resultats-de-la-production-de-mais-densilage-a-lapplication-de-orthagrow-poudre/,12-Résultats maïs d'ensilage - Moreco,"Moreco produces and distributes products with a patented biologically active absorble form of Silicon for humans, animals and horti/agriculture products. We also provide ecological desinfection by hydrogen peroxide for water purification and biological disease control for agriculture and industries.",,194,2,0,research-resultats-de-la-production-de-mais-densilage-a-lapplication-de-orthagro,research/resultats-de-la-production-de-mais-densilage-a-lapplication-de-orthagrow-poudre/index.html
fr,page,http://moreco.ma/research/resultats-de-la-production-sur-les-arbres-pecher-a-lapplication-de-orthagrow-bloom-booster/,05-Résultats sur les pêcher - Moreco,"Moreco produces and distributes products with a patented biologically active absorble form of Silicon for humans, animals and horti/agriculture products. We also provide ecological desinfection by hydrogen peroxide for water purification and biological disease control for agriculture and industries.",,169,2,0,research-resultats-de-la-production-sur-les-arbres-pecher-a-lapplication-de-orth,research/resultats-de-la-production-sur-les-arbres-pecher-a-lapplication-de-orthagrow-bloom-booster/index.html
fr,page,http://moreco.ma/research/resultats-sur-les-agrumes-marisol-apres-lapplication-de-orthagrow-control/,04-Résultats sur les Agrumes - Moreco,"Moreco produces and distributes products with a patented biologically active absorble form of Silicon for humans, animals and horti/agriculture products. We also provide ecological desinfection by hydrogen peroxide for water purification and biological disease control for agriculture and industries.",,143,4,0,research-resultats-sur-les-agrumes-marisol-apres-lapplication-de-orthagrow-contr,research/resultats-sur-les-agrumes-marisol-apres-lapplication-de-orthagrow-control/index.html
fr,page,http://moreco.ma/research/resultats-sur-les-cactus-apres-lapplication-de-orthagrow-control/,13-Résultats sur les cactus - Moreco,"Moreco produces and distributes products with a patented biologically active absorble form of Silicon for humans, animals and horti/agriculture products. We also provide ecological desinfection by hydrogen peroxide for water purification and biological disease control for agriculture and industries.",,202,1,0,research-resultats-sur-les-cactus-apres-lapplication-de-orthagrow-control,research/resultats-sur-les-cactus-apres-lapplication-de-orthagrow-control/index.html
fr,page,http://moreco.ma/research/resultats-sur-les-carottes-apres-lapplication-de-orthagrow-control-2/,08-Résultats sur les carottes - Moreco,"Moreco produces and distributes products with a patented biologically active absorble form of Silicon for humans, animals and horti/agriculture products. We also provide ecological desinfection by hydrogen peroxide for water purification and biological disease control for agriculture and industries.",,208,2,0,research-resultats-sur-les-carottes-apres-lapplication-de-orthagrow-control-2,research/resultats-sur-les-carottes-apres-lapplication-de-orthagrow-control-2/index.html
fr,page,http://moreco.ma/research/resultats-sur-les-carottes-apres-lapplication-de-orthagrow-control/,08-Résultats sur les carottes - Moreco,"Moreco produces and distributes products with a patented biologically active absorble form of Silicon for humans, animals and horti/agriculture products. We also provide ecological desinfection by hydrogen peroxide for water purification and biological disease control for agriculture and industries.",,189,1,0,research-resultats-sur-les-carottes-apres-lapplication-de-orthagrow-control,research/resultats-sur-les-carottes-apres-lapplication-de-orthagrow-control/index.html
fr,page,http://moreco.ma/research/resultats-sur-les-fraises-apres-lapplication-de-la-gamme-orthagrow/,02-Résultats sur les fraises - Moreco,"Moreco produces and distributes products with a patented biologically active absorble form of Silicon for humans, animals and horti/agriculture products. We also provide ecological desinfection by hydrogen peroxide for water purification and biological disease control for agriculture and industries.",,241,3,0,research-resultats-sur-les-fraises-apres-lapplication-de-la-gamme-orthagrow,research/resultats-sur-les-fraises-apres-lapplication-de-la-gamme-orthagrow/index.html
fr,page,http://moreco.ma/research/resultats-sur-les-melons-jaune-apres-lapplication-de-la-gamme-orthagrow/,07-Résultats sur les melons - Moreco,"Moreco produces and distributes products with a patented biologically active absorble form of Silicon for humans, animals and horti/agriculture products. We also provide ecological desinfection by hydrogen peroxide for water purification and biological disease control for agriculture and industries.",,225,3,0,research-resultats-sur-les-melons-jaune-apres-lapplication-de-la-gamme-orthagrow,research/resultats-sur-les-melons-jaune-apres-lapplication-de-la-gamme-orthagrow/index.html
fr,page,http://moreco.ma/research/resultats-sur-les-olives-apres-lapplication-de-orthagrow-control/,11- Résultats sur les Olives - Moreco,"Moreco produces and distributes products with a patented biologically active absorble form of Silicon for humans, animals and horti/agriculture products. We also provide ecological desinfection by hydrogen peroxide for water purification and biological disease control for agriculture and industries.",,136,1,0,research-resultats-sur-les-olives-apres-lapplication-de-orthagrow-control,research/resultats-sur-les-olives-apres-lapplication-de-orthagrow-control/index.html
fr,page,http://moreco.ma/research/resultats-sur-les-pommes-de-terre-apres-lapplication-du-produit-orthagrow-control/,06-Résultats pommes de terre - Moreco,"Moreco produces and distributes products with a patented biologically active absorble form of Silicon for humans, animals and horti/agriculture products. We also provide ecological desinfection by hydrogen peroxide for water purification and biological disease control for agriculture and industries.",,171,2,0,research-resultats-sur-les-pommes-de-terre-apres-lapplication-du-produit-orthagr,research/resultats-sur-les-pommes-de-terre-apres-lapplication-du-produit-orthagrow-control/index.html
fr,page,http://moreco.ma/research/resultats-sur-les-pommiers-apres-lapplication-des-produits-la-gamme-orthagrow/,01-Résultats sur les pommiers - Moreco,"Moreco produces and distributes products with a patented biologically active absorble form of Silicon for humans, animals and horti/agriculture products. We also provide ecological desinfection by hydrogen peroxide for water purification and biological disease control for agriculture and industries.",,224,3,0,research-resultats-sur-les-pommiers-apres-lapplication-des-produits-la-gamme-ort,research/resultats-sur-les-pommiers-apres-lapplication-des-produits-la-gamme-orthagrow/index.html
fr,page,http://moreco.ma/research/resultats-sur-les-tomates-apres-lapplication-de-orthagrow-control/,03- Résultats sur les tomates - Moreco,"Moreco produces and distributes products with a patented biologically active absorble form of Silicon for humans, animals and horti/agriculture products. We also provide ecological desinfection by hydrogen peroxide for water purification and biological disease control for agriculture and industries.",,174,3,0,research-resultats-sur-les-tomates-apres-lapplication-de-orthagrow-control,research/resultats-sur-les-tomates-apres-lapplication-de-orthagrow-control/index.html
fr,archive,https://moreco.ma/2011/,2011 - Moreco,"Posts of August 30, 2026",Le Potentiel Therapeutique de l’acide silicique,265,0,0,2011,2011/index.html
fr,archive,https://moreco.ma/2012/,2012 - Moreco,"Posts of August 30, 2026",l’Impact de l’Agriculture sur le cycle biogeochimique de Si,507,0,0,2012,2012/index.html
fr,archive,https://moreco.ma/2012/01/,janvier 2012 - Moreco,"Posts of August 30, 2026",Etude de la bio-disponibilite de l’AOS,344,0,0,2012-01,2012/01/index.html
fr,archive,https://moreco.ma/2013/,2013 - Moreco,"Posts of August 30, 2026",la Nutrition et les Cheveux: Deficiences et Supplements,1813,0,0,2013,2013/index.html
fr,archive,https://moreco.ma/2013/03/,mars 2013 - Moreco,"Posts of August 30, 2026","Nutrition foliare: Faits, Mythes et Perspectives",634,0,0,2013-03,2013/03/index.html
fr,archive,https://moreco.ma/2013/05/,mai 2013 - Moreco,"Posts of August 30, 2026",la Nutrition et les Cheveux: Deficiences et Supplements,705,0,0,2013-05,2013/05/index.html
fr,archive,https://moreco.ma/2014/,2014 - Moreco,"Posts of August 30, 2026",Produits Moreco,949,0,0,2014,2014/index.html
fr,archive,https://moreco.ma/2014/02/,février 2014 - Moreco,"Posts of August 30, 2026",Mavita Health renforce le systeme d’immunite,509,0,0,2014-02,2014/02/index.html
fr,archive,https://moreco.ma/2014/11/,novembre 2014 - Moreco,"Posts of August 30, 2026",Produits Moreco,439,0,0,2014-11,2014/11/index.html
fr,page,https://moreco.ma/agri-horticulture-fr/gamme-de-produits-orthafight/,OrthaFight : Prévention et destruction de moisissures.,"Une formulation unique et en première avec l’avantage double de rehausser l’effet nutritif pour la plante et de la fortifier contre les pathogènes fongiques. OrthaFight de Moreco est non toxique, 100% soluble dans l’eau. Sa nature bio-active assure une absorption rapide par la plante et augmente sa vigueur et sa croissance saine.",Gamme de produits OrthaFight,4951,9,1,agri-horticulture-fr-gamme-de-produits-orthafight,agri-horticulture-fr/gamme-de-produits-orthafight/index.html
fr,page,https://moreco.ma/agri-horticulture-fr/gamme-de-produits-orthagrow/,Orthagrow réduit le stress abiotique et agit aussi comme stimulateur améliorant la germination,"Par ses composants bio-actifs bénéfiques, Orthagrow réduit le stress abiotique et agit aussi comme stimulateur améliorant la germination sous conditions de stress hydrique et salin. Les cultures traitées avec Orthagrow développent plus de chlorophylle dans leur système. Cela mène à une excellente biosynthèse qui donne un feuillage plus dense et une formation améliorée des fleurs et fruits. Un autre avantage est la durée de conservation augmentée par une perte d’eau moins grande dans les fruits et légumes.",Gamme de produits OrthaGrow,9186,9,8,agri-horticulture-fr-gamme-de-produits-orthagrow,agri-horticulture-fr/gamme-de-produits-orthagrow/index.html
fr,page,https://moreco.ma/agri-horticulture-fr/gamme-de-produits-orthagrow/emploi-sur-le-terrain/,Directives pour L'emploi Orthagrow Control sur le terrain,Comment utiliser Orthagrow Control? C'est très facile! À seulement 2 étapes simples: 1. Mélanger avec de l'eau et 2. Pulvériser sur les feuilles.,Directives pour l'emploi sur le terrain,2329,10,0,agri-horticulture-fr-gamme-de-produits-orthagrow-emploi-sur-le-terrain,agri-horticulture-fr/gamme-de-produits-orthagrow/emploi-sur-le-terrain/index.html
fr,page,https://moreco.ma/applications-produits/,La plupart des gammes de produits de Moreco et ses applications sont basées sur silicium,"Silicium est le minéral le plus commun sur terre et, après l’oxygène, l’élément de construction le plus communément utilisé par notre mère la terre. Jusque récemment, le silicone n’était pas considéré comme un nutriment important dans applications , parce qu’on n’en trouvait que de petites quantités dans le corps. Grâce à nos 10 ans de nouvelles recherches et d’essais avec des humains, animaux et plantes, nous avons récemment découvert que ces petites quantités ont une fonction très importante dans le corps. Précisément ces nanogrammes de silicones sont présents partout dans le corps et dans les plantes et ils sont essentiels pour maintenir une bonne santé, une vie active et une apparence attrayante.",Applications,4136,5,0,applications-produits,applications-produits/index.html
fr,page,https://moreco.ma/des-animaux/huwa-san-for-animals/,Huwa-San est la nouvelle génération de désinfection biodégradable.,"Les produits Huwa-San sont des désinfectants écologiques basés sur le peroxyde d'hydrogène activé et stabilisé. La façon unique d'activation et de stabilisation s'est avéré très efficace, par ex dans le contrôle de légionella et l'élimination du biofilm. Huwa-San est une solution sûre et inodore, et respectueux de l'environnement sans alcool désinfectant pour les applications; Agriculture, industrie vétérinaire, l'industrie alimentaire et même pour la désinfection de l'eau (potable).",Huwa-San pour des animaux,4244,4,2,des-animaux-huwa-san-for-animals,des-animaux/huwa-san-for-animals/index.html
fr,page,https://moreco.ma/des-animaux/orthahealth-fr/,ORTHAHEALTH améliore la santé et la qualité de vie des animaux par une forme absorbable biologiquement actif breveté de la Silicon.,"Le silicium augmente les défenses chez les animaux en activant le système immunitaire. Chez les rats, les poulets, les veaux et les chevaux, plusieurs études montrent que la carence de silicium provoque des défauts d’os et du cartilage.",ORTHAHEALTH,3567,4,0,des-animaux-orthahealth-fr,des-animaux/orthahealth-fr/index.html
fr,page,https://moreco.ma/emploi-general/bioxeco/,"BioXeco, la nouvelle génération de désinfectant biodégradable",Les produits BioXeco sont des désinfectants écologiques basés sur l'activation et la stabilisé du peroxyde d'hydrogène.,Gamme de produits BioXeco,4477,9,0,emploi-general-bioxeco,emploi-general/bioxeco/index.html
fr,page,https://moreco.ma/emploi-general/gamme-de-produits-huwa-san/desinfection-professionnel/agriculture/,"Huwa-San AGRO optimise la croissance des racines, la consommation d'oxygène et la santé globale de l'usine.",Huwa-San AGRO augmente votre rendement en optimisant la qualité de l'eau et une meilleure hygiène. Maximisant la qualité de l'eau et l'efficacité de fertigation. Augmentation de la productivité tout en réduisant le fardeau de pesticides et d'assurer un environnement propre réduire le stress de l'environnement pour vos cultures et pertes décroissantes.,Agriculture,1498,0,0,emploi-general-gamme-de-produits-huwa-san-desinfection-professionnel-agriculture,emploi-general/gamme-de-produits-huwa-san/desinfection-professionnel/agriculture/index.html
fr,page,https://moreco.ma/emploi-general/gamme-de-produits-huwa-san/desinfection-professionnel/aliments-et-boissons/,Huwa-San Food & Beverage est idéales pour la désinfection,"Les produits Huwa-San F&B sont idéales pour la désinfection des surfaces, des équipements et des machines de toutes types d'entreprises de transformation des aliments.",Aliments et Biossons,1142,0,0,emploi-general-gamme-de-produits-huwa-san-desinfection-professionnel-aliments-et,emploi-general/gamme-de-produits-huwa-san/desinfection-professionnel/aliments-et-boissons/index.html
fr,page,https://moreco.ma/emploi-general/gamme-de-produits-huwa-san/desinfection-professionnel/hard-surface/,Huwa-San Hard Surface pour les cuisines industrielles,"Huwa-San 50 HS solution est un désinfectant pour les surfaces, les sols et les matériaux, par exemple industries cosmétique, pharmaceutique, industrielles de cuisines, ...",Hard Surface,383,0,0,emploi-general-gamme-de-produits-huwa-san-desinfection-professionnel-hard-surfac,emploi-general/gamme-de-produits-huwa-san/desinfection-professionnel/hard-surface/index.html
fr,page,https://moreco.ma/emploi-general/gamme-de-produits-huwa-san/desinfection-professionnel/traitement-de-leau/,"Huwa-San 50 WT est adapté pour tuer les bactéries, les champignons, les virus, les spores, les algues et les amibes.","Les produits Huwa-San Water peuvent être utilisés pour désinfecter votre système complet de l'eau, pour éliminer le biofilm et de prévenir Legionella. Huwa-San Water est une alternative biodégradable aux produits existants sur la base des halogènes, le chlore, le brome, l'iode, des aldéhydes, des composés d'ammonium quaternaire.",Traitement de l'eau,536,0,0,emploi-general-gamme-de-produits-huwa-san-desinfection-professionnel-traitement-,emploi-general/gamme-de-produits-huwa-san/desinfection-professionnel/traitement-de-leau/index.html
fr,page,https://moreco.ma/emploi-general/gamme-de-produits-huwa-san/desinfection-professionnel/veterinaire/,Huwa-San VET améliore la santé des animaux et la qualité d'eau,"Huwa-San VET améliore la qualité des conditions de vie des animaux, résultant en meilleure santé, des animaux plus grands et un taux de mortalité plus faible.",Vétérinaire,1226,0,0,emploi-general-gamme-de-produits-huwa-san-desinfection-professionnel-veterinaire,emploi-general/gamme-de-produits-huwa-san/desinfection-professionnel/veterinaire/index.html
fr,page,https://moreco.ma/emploi-general/gamme-de-produits-huwa-san/hygiene-home/,Les produits Huwa-San Hygiene @ Home sont la solution idéale pour tous les désinfection des ménages.,"Huwa-San désinfectants sont sûrs, 100% écologique et inodore. Huwa-San désinfectants peuvent être utilisés pour désinfecter les surfaces, les ustensiles, les mains, et peuvent même être utilisés pour la désinfection de la nourriture.",Hygiene @ Home,5851,6,0,emploi-general-gamme-de-produits-huwa-san-hygiene-home,emploi-general/gamme-de-produits-huwa-san/hygiene-home/index.html
fr,page,https://moreco.ma/emploi-general/gamme-de-produits-huwa-san/pool/,Huwa-San Pool: un désinfectant efficace de l'eau écologique,"C'est un désinfectant sans chlore à la fois public piscines privées avec protection contre les bactéries, virus et les algues.",Pool,7746,6,0,emploi-general-gamme-de-produits-huwa-san-pool,emploi-general/gamme-de-produits-huwa-san/pool/index.html
fr,page,https://moreco.ma/emploi-general/produit-clearox/,Clearox® peut être utilisé comme activateur de peroxyde d’hydrogène à diverses fins générales.,"Par exemple, la désinfection des surfaces de travail ainsi que pour la désinfection des animaux (par exemple déschlammage des poissons, sanatation dans l’industrie de transformation de la viande) peuvent être accomplies par ajoutant Clearox® au peroxyde d’hydrogène. Il peut également être utilisé pour la purification de l’eau en raison de l’élimination et la prévention du biofilm.",Clearox,13396,13,0,emploi-general-produit-clearox,emploi-general/produit-clearox/index.html
fr,page,https://moreco.ma/etude-de-la-bio-disponibilite-de-laos/,Etude de la bio-disponibilite de l'AOS,"L'absorption et l'excrétion urinaire de Si de l'acide orthosilicique stabilisé (AOS), extrait standardisé de silice à base de la plante Equisetum arvense, et de l'acide silicique colloïdal ont été comparés dans une étude chez des sujets sains.",Etude de la bio-disponibilite de l’AOS,2461,2,2,etude-de-la-bio-disponibilite-de-laos,etude-de-la-bio-disponibilite-de-laos/index.html
fr,page,https://moreco.ma/la-nutrition-et-les-cheveux-deficiences-et-supplements/,la Nutrition et les Cheveux: Deficiences et Supplements,"les Cellules folliculaires de cheveux connaissent des changements tres élevé. Leur métabolisme actif nécessite un bon apport de nutriments et de l'énergie. Une privation calorique ou une carence de plusieurs composants, tels que les protéines, les minéraux, les acides gras essentiels et les vitamines, causée par des erreurs innées ou une absorption réduite peut conduire à des anomalies structurelles, les changements de pigmentation, ou la perte de cheveux, bien que les données exactes font souvent défaut. Les déficiences combinées ne sont pas rares, surtout en cas de malnutrition.",la Nutrition et les Cheveux: Deficiences et Supplements,3179,2,2,la-nutrition-et-les-cheveux-deficiences-et-supplements,la-nutrition-et-les-cheveux-deficiences-et-supplements/index.html
fr,page,https://moreco.ma/le-potentiel-therapeutique-de-lacide-silicique/,Le Potentiel Therapeutique de l'acide silicique,Réflexions et récentes nouvelles pour comprendre le mécanisme de formation de hydroxyaluminosilicates et le potentiel thérapeutique de l'acide silicique.,Le Potentiel Therapeutique de l’acide silicique,2951,2,2,le-potentiel-therapeutique-de-lacide-silicique,le-potentiel-therapeutique-de-lacide-silicique/index.html
fr,page,https://moreco.ma/les-humains/ligne-de-produit-mavita/mavita-beauty-fr/,Découvrez un nouveau bien-être général avec Mavita Beauty,"Le silicium est un oligo-élément essentiel requis pour la croissance, le développement normal et la santé des cheveux, de la peau et des ongles. Notre produit est le seul à contenir entièrement absorbé Si! Mavita Beauty est un ""état ​​de l'art"" nutrition supplément conçu pour favoriser une peau saine, forte et hydratée qui ressemble et se sent plus jeune.",Mavita Beauty,2959,2,0,les-humains-ligne-de-produit-mavita-mavita-beauty-fr,les-humains/ligne-de-produit-mavita/mavita-beauty-fr/index.html
fr,page,https://moreco.ma/les-humains/ligne-de-produit-mavita/mavita-health-fr/,Mavita Health est une suspension énergisante de 10 minéraux sélectionnés.,"Mavita Health a un effet positif sur tout le corps en raison de sa composition équilibrée. Il permet, entre autres, les os, les vaisseaux sanguins et les muscles sains nouveau. En outre, il renforce les ongles et rend les cheveux plus épais. En outre, il contribue à la préservation des articulations souples et des os solides. Mavita Health influe aussi sur la qualité et l'élasticité de la peau, car il stimule la création de collagène.",,5165,1,0,les-humains-ligne-de-produit-mavita-mavita-health-fr,les-humains/ligne-de-produit-mavita/mavita-health-fr/index.html
fr,page,https://moreco.ma/les-humains/ligne-de-produit-mavita/mavita-luxe-fr/,Mavita Luxe,"La manière naturelle d’obtenir un équilibre endocrinien optimal, plus d’énergie et de meilleures fonctions sexuelles, aussi bien chez les hommes que chez les femmes. Assure une circulation sanguine accrue dans les corps caverneux!",Mavita Luxe,6360,4,0,les-humains-ligne-de-produit-mavita-mavita-luxe-fr,les-humains/ligne-de-produit-mavita/mavita-luxe-fr/index.html
fr,page,https://moreco.ma/les-humains/ligne-de-produit-mavita/mavita-slim-avec-maca/,Mavita Slim+ est votre substitut de repas idéal,"Notre régime protéiné est la meilleure façon et la plus scientifiquement prouvée de perdre du poids rapidement et sans danger pour sa santé. Si ce régime est suivi de façon adéquate, nous vous garantissons une perte de poids rapide et durable. De plus, notre produit contient les meilleures protéines associées au silicium biodisponible à 100 %.",Mavita SLIM+ (avec Maca),10088,3,0,les-humains-ligne-de-produit-mavita-mavita-slim-avec-maca,les-humains/ligne-de-produit-mavita/mavita-slim-avec-maca/index.html
fr,page,https://moreco.ma/les-humains/ligne-de-produit-mavita/mavita-sport-fr/,Mavita Sport: Suspension énergisante de silicium biodisponible et de 8 MINÉRAUX sélectionnés.,"Mavita Sport contient le composant principal du silicium, assure une récupération plus rapide des blessures, quand elle est prise par jour. Il empêche également l'acidification des muscles et il prend soin d'une meilleure endurance.",Mavita Sport,1180,2,0,les-humains-ligne-de-produit-mavita-mavita-sport-fr,les-humains/ligne-de-produit-mavita/mavita-sport-fr/index.html
fr,page,https://moreco.ma/les-humains/ligne-de-produit-mavita/mavita-stress-plex-fr/,Sentez la différence dans votre bien-être général avec Mavita Stress-plex,"Si vous vous sentez souvent stressé ou anxieux, cela peut être un signe de problèmes plus graves. Mavita's Stress-plex est un supplément naturel. Il contient des nutriments et Si qui soutiennent la santé du cerveau et les fonctions du système nerveux. Contribue à empêcher la libération d’hormones du stress qui causent votre sensation d’anxiété.",Mavita Stress-Plex,5891,2,0,les-humains-ligne-de-produit-mavita-mavita-stress-plex-fr,les-humains/ligne-de-produit-mavita/mavita-stress-plex-fr/index.html
fr,page,https://moreco.ma/limpact-de-lagriculture-sur-le-cycle-biogeochimique-de-si/,l'Impact de l'Agriculture sur le cycle biogeochimique de Si,"Nous présentons ici une nouvelle preuve que l'exportation de la paille peut conduire à l'épuisement des reserves de phytolithes de sol en 10 ans. Afin de maintenir les niveaux actuels de Si dans les cultivations, la contribution d'autres silicates de sol tels que les minéraux argileux àau reserves de silice phytodisponible peut devenir un paramètre clé, quand la paille est exportée.",l’Impact de l’Agriculture sur le cycle biogeochimique de Si,2691,2,2,limpact-de-lagriculture-sur-le-cycle-biogeochimique-de-si,limpact-de-lagriculture-sur-le-cycle-biogeochimique-de-si/index.html
fr,page,https://moreco.ma/limportance-du-silicium/,l'importance du silicium,"Bien que l'importance de (Si) dans l'agriculture est mal accepté, ce sera quand les conséquences de l'ajou tde (Si) au sol sont bien comprises! Dans le passé tout le monde pensait que (Si) n'est pas nécessaire, sauf en tant que constituant normal du sol. Maintenant, il est peu à peu reconnue comme un élément bénéfique important à l'intérieur des plantes pour leur bon fonctionnement.",l’importance du silicium,2618,2,2,limportance-du-silicium,limportance-du-silicium/index.html
fr,page,https://moreco.ma/mavita-health-renforce-le-systeme-dimmunite/,Mavita Health renforce le systeme d'immunite,"Mavita Health est un complexe minéral unique composé de dix éléments de spores et macro naturelles essentielles. Le minéral le plus essentiel d'entre eux est le silicium. Chaque être humain obtiendra, en dépit d'une alimentation saine et équilibrée, un manque de certains minéraux a force de vieillir. Ceci est provoqué par le fait que le sol européen ne contient pas suffisamment d'éléments de spores.",Mavita Health renforce le systeme d’immunite,1207,1,0,mavita-health-renforce-le-systeme-dimmunite,mavita-health-renforce-le-systeme-dimmunite/index.html
fr,page,https://moreco.ma/news/,Nouvelles - Moreco,"Moreco produces and distributes products with a patented biologically active absorble form of Silicon for humans, animals and horti/agriculture products. We also provide ecological desinfection by hydrogen peroxide for water purification and biological disease control for agriculture and industries.",Produits Moreco,3882,8,0,news,news/index.html
fr,page,https://moreco.ma/nutrition-foliare-faits-mythes-et-perspectives/,"Nutrition foliare: Faits, Mythes et Perspectives","Dr Victoria Fernández, de la génétique forestière et de l'éco-physiologie Research Group, École de génie forestier à l'Université Polytechnique de Madrid, a l'histoire de New Age International. Elle propose des réponses à certaines de ces questions dans les domaines scientifique et les conditions appliquées, en soulignant le potentiel du grand marché et l'utilité des pulvérisations foliaires de nutriments comme méthode de fertilisation plus axée sur la cible, durable et respectueuse de l'environnement complémentaire.","Nutrition foliare: Faits, Mythes et Perspectives",2677,2,2,nutrition-foliare-faits-mythes-et-perspectives,nutrition-foliare-faits-mythes-et-perspectives/index.html
fr,page,https://moreco.ma/produits-moreco/,Produits Moreco - Moreco,"Moreco produces and distributes products with a patented biologically active absorble form of Silicon for humans, animals and horti/agriculture products. We also provide ecological desinfection by hydrogen peroxide for water purification and biological disease control for agriculture and industries.",Produits Moreco,911,0,0,produits-moreco,produits-moreco/index.html
fr,page,https://moreco.ma/registration-for-launch-moreco/,Inscription pour le lancement Moreco au SIAM MEKNES Morocco,Voudriez-vous être présent à notre Grand lancement privé de Moreco le 21-04 2014 ? Inscrivez-vous dès maintenant pour participer. Vous et vos invités êtes cordialement invités!,INSCRIPTION POUR LE LANCEMENT MORECO,2541,2,0,registration-for-launch-moreco,registration-for-launch-moreco/index.html
